-- phpMyAdmin SQL Dump
-- version 5.2.1
-- https://www.phpmyadmin.net/
--
-- Host: 127.0.0.1
-- Generation Time: Jul 30, 2024 at 06:34 PM
-- Server version: 10.4.28-MariaDB
-- PHP Version: 8.2.4

SET SQL_MODE = "NO_AUTO_VALUE_ON_ZERO";
START TRANSACTION;
SET time_zone = "+00:00";


/*!40101 SET @OLD_CHARACTER_SET_CLIENT=@@CHARACTER_SET_CLIENT */;
/*!40101 SET @OLD_CHARACTER_SET_RESULTS=@@CHARACTER_SET_RESULTS */;
/*!40101 SET @OLD_COLLATION_CONNECTION=@@COLLATION_CONNECTION */;
/*!40101 SET NAMES utf8mb4 */;

--
-- Database: `laravel_royals`
--

-- --------------------------------------------------------

--
-- Table structure for table `app_infos`
--

CREATE TABLE `app_infos` (
  `id` bigint(20) UNSIGNED NOT NULL,
  `user_id` bigint(20) DEFAULT NULL,
  `name` varchar(255) DEFAULT NULL,
  `email` varchar(255) DEFAULT NULL,
  `phone` varchar(255) DEFAULT NULL,
  `website` varchar(255) DEFAULT NULL,
  `description` longtext DEFAULT NULL,
  `address` longtext DEFAULT NULL,
  `whatsapp` varchar(255) DEFAULT NULL,
  `instagram` varchar(255) DEFAULT NULL,
  `facebook` varchar(255) DEFAULT NULL,
  `created_at` timestamp NULL DEFAULT NULL,
  `updated_at` timestamp NULL DEFAULT NULL
) ENGINE=InnoDB DEFAULT CHARSET=utf8mb4 COLLATE=utf8mb4_unicode_ci;

--
-- Dumping data for table `app_infos`
--

INSERT INTO `app_infos` (`id`, `user_id`, `name`, `email`, `phone`, `website`, `description`, `address`, `whatsapp`, `instagram`, `facebook`, `created_at`, `updated_at`) VALUES
(1, 1, 'Mark Chovava', 'markchovava@gmail.com', '0782210021', 'UUUUHIHfd', 'dbdf', '14949  Tynwald South, Harare, Zimbabwe', 'hkjhkjhkjhkj', NULL, 'www.facebook.com', '2024-07-02 19:01:26', '2024-07-02 19:01:26');

-- --------------------------------------------------------

--
-- Table structure for table `campaigns`
--

CREATE TABLE `campaigns` (
  `id` bigint(20) UNSIGNED NOT NULL,
  `user_id` bigint(20) DEFAULT NULL,
  `campaign_managed_id` bigint(20) DEFAULT NULL,
  `reward_id` bigint(20) DEFAULT NULL,
  `current_quantity` bigint(20) DEFAULT NULL,
  `current_points` bigint(20) DEFAULT NULL,
  `created_at` timestamp NULL DEFAULT NULL,
  `updated_at` timestamp NULL DEFAULT NULL
) ENGINE=InnoDB DEFAULT CHARSET=utf8mb4 COLLATE=utf8mb4_unicode_ci;

--
-- Dumping data for table `campaigns`
--

INSERT INTO `campaigns` (`id`, `user_id`, `campaign_managed_id`, `reward_id`, `current_quantity`, `current_points`, `created_at`, `updated_at`) VALUES
(1, 4, 5, 3, 6, 56, '2024-07-05 15:28:24', '2024-07-09 10:29:43'),
(2, 1, 6, 4, 4, 20, '2024-07-27 08:13:46', '2024-07-30 13:07:41');

-- --------------------------------------------------------

--
-- Table structure for table `campaign_manageds`
--

CREATE TABLE `campaign_manageds` (
  `id` bigint(20) UNSIGNED NOT NULL,
  `user_id` bigint(20) DEFAULT NULL,
  `name` varchar(255) DEFAULT NULL,
  `description` longtext DEFAULT NULL,
  `status` varchar(255) DEFAULT NULL,
  `quantity` bigint(20) DEFAULT NULL,
  `quantity_remaining` bigint(20) DEFAULT NULL,
  `total` bigint(20) DEFAULT NULL,
  `start_date` varchar(255) DEFAULT NULL,
  `num_of_days` int(11) DEFAULT NULL,
  `end_date` varchar(255) DEFAULT NULL,
  `company_name` varchar(255) DEFAULT NULL,
  `company_phone` varchar(255) DEFAULT NULL,
  `company_address` longtext DEFAULT NULL,
  `company_email` varchar(255) DEFAULT NULL,
  `company_website` varchar(255) DEFAULT NULL,
  `created_at` timestamp NULL DEFAULT NULL,
  `updated_at` timestamp NULL DEFAULT NULL
) ENGINE=InnoDB DEFAULT CHARSET=utf8mb4 COLLATE=utf8mb4_unicode_ci;

--
-- Dumping data for table `campaign_manageds`
--

INSERT INTO `campaign_manageds` (`id`, `user_id`, `name`, `description`, `status`, `quantity`, `quantity_remaining`, `total`, `start_date`, `num_of_days`, `end_date`, `company_name`, `company_phone`, `company_address`, `company_email`, `company_website`, `created_at`, `updated_at`) VALUES
(5, 1, 'Pot and Pans', '3gig', 'Active', 15, 15, 45, '2024-07-01', 10, '2024-07-11', '1', '3', '3', '32', '2', '2024-07-04 08:04:27', '2024-07-30 12:29:14'),
(6, 4, 'TV', 'Tv is', 'Active', 1000, 1000, 10, '2024-07-09', 7, '2024-09-09', 'Company 1', '121212', '4 - 1 Ave., Mabel', 'admin@gmail.com', 'www.a.com', '2024-07-09 07:33:35', '2024-07-09 07:36:09'),
(8, 1, 'Abc', 'bn', 'Active', 250, 250, 750, '2024-07-28', 10, '2024-08-07', 'Abc', '123', '1 abc ave', 'a@b.com', 'www.a.com', '2024-07-27 09:10:10', '2024-07-30 12:18:39');

-- --------------------------------------------------------

--
-- Table structure for table `failed_jobs`
--

CREATE TABLE `failed_jobs` (
  `id` bigint(20) UNSIGNED NOT NULL,
  `uuid` varchar(255) NOT NULL,
  `connection` text NOT NULL,
  `queue` text NOT NULL,
  `payload` longtext NOT NULL,
  `exception` longtext NOT NULL,
  `failed_at` timestamp NOT NULL DEFAULT current_timestamp()
) ENGINE=InnoDB DEFAULT CHARSET=utf8mb4 COLLATE=utf8mb4_unicode_ci;

-- --------------------------------------------------------

--
-- Table structure for table `migrations`
--

CREATE TABLE `migrations` (
  `id` int(10) UNSIGNED NOT NULL,
  `migration` varchar(255) NOT NULL,
  `batch` int(11) NOT NULL
) ENGINE=InnoDB DEFAULT CHARSET=utf8mb4 COLLATE=utf8mb4_unicode_ci;

--
-- Dumping data for table `migrations`
--

INSERT INTO `migrations` (`id`, `migration`, `batch`) VALUES
(21, '2014_10_12_000000_create_users_table', 1),
(22, '2014_10_12_100000_create_password_reset_tokens_table', 1),
(23, '2019_08_19_000000_create_failed_jobs_table', 1),
(24, '2019_12_14_000001_create_personal_access_tokens_table', 1),
(25, '2024_07_01_113207_create_roles_table', 1),
(26, '2024_07_01_113222_create_app_infos_table', 1),
(27, '2024_07_01_113301_create_rewards_table', 1),
(28, '2024_07_01_113317_create_campaigns_table', 1),
(29, '2024_07_01_113336_create_voucher_useds_table', 1),
(32, '2024_07_01_115425_create_campaign_manageds_table', 1),
(33, '2024_07_01_151555_create_prices_table', 2),
(34, '2024_07_01_113346_create_voucher_generateds_table', 3),
(35, '2024_07_09_102834_create_voucher_rewards_table', 4),
(36, '2024_07_24_093926_create_voucher_reward_useds_table', 5);

-- --------------------------------------------------------

--
-- Table structure for table `password_reset_tokens`
--

CREATE TABLE `password_reset_tokens` (
  `email` varchar(255) NOT NULL,
  `token` varchar(255) NOT NULL,
  `created_at` timestamp NULL DEFAULT NULL
) ENGINE=InnoDB DEFAULT CHARSET=utf8mb4 COLLATE=utf8mb4_unicode_ci;

-- --------------------------------------------------------

--
-- Table structure for table `personal_access_tokens`
--

CREATE TABLE `personal_access_tokens` (
  `id` bigint(20) UNSIGNED NOT NULL,
  `tokenable_type` varchar(255) NOT NULL,
  `tokenable_id` bigint(20) UNSIGNED NOT NULL,
  `name` varchar(255) NOT NULL,
  `token` varchar(64) NOT NULL,
  `abilities` text DEFAULT NULL,
  `last_used_at` timestamp NULL DEFAULT NULL,
  `expires_at` timestamp NULL DEFAULT NULL,
  `created_at` timestamp NULL DEFAULT NULL,
  `updated_at` timestamp NULL DEFAULT NULL
) ENGINE=InnoDB DEFAULT CHARSET=utf8mb4 COLLATE=utf8mb4_unicode_ci;

--
-- Dumping data for table `personal_access_tokens`
--

INSERT INTO `personal_access_tokens` (`id`, `tokenable_type`, `tokenable_id`, `name`, `token`, `abilities`, `last_used_at`, `expires_at`, `created_at`, `updated_at`) VALUES
(1, 'App\\Models\\User', 1, 'mark@email.com', 'ba714cfde41dfd05525c8516524775a84cbe80fa5dd6b0ab3d505636c623ff2b', '[\"*\"]', NULL, NULL, '2024-07-02 12:39:22', '2024-07-02 12:39:22'),
(2, 'App\\Models\\User', 1, 'mark@email.com', 'edff56c80d5fbcef202afeb89a37bf242c6067e5c11fc18207f6e8bc05b910e6', '[\"*\"]', NULL, NULL, '2024-07-02 12:41:00', '2024-07-02 12:41:00'),
(3, 'App\\Models\\User', 1, 'mark@email.com', '0c9fa0a41845b94e5ee9d1267844d36b46e3460db15fed320cd4346b9a898c52', '[\"*\"]', '2024-07-05 09:16:48', NULL, '2024-07-02 12:41:39', '2024-07-05 09:16:48'),
(9, 'App\\Models\\User', 1, 'mark@email.com', '4bd37353e1be322394c780bf69dbf1106d0be1de1f53664b8c79915a2952f0f9', '[\"*\"]', '2024-07-30 14:15:18', NULL, '2024-07-30 08:17:06', '2024-07-30 14:15:18');

-- --------------------------------------------------------

--
-- Table structure for table `prices`
--

CREATE TABLE `prices` (
  `id` bigint(20) UNSIGNED NOT NULL,
  `user_id` bigint(20) DEFAULT NULL,
  `name` varchar(255) DEFAULT NULL,
  `slug` varchar(255) DEFAULT NULL,
  `priority` int(11) DEFAULT NULL,
  `quantity` int(11) DEFAULT NULL,
  `amount` bigint(20) DEFAULT NULL,
  `created_at` timestamp NULL DEFAULT NULL,
  `updated_at` timestamp NULL DEFAULT NULL
) ENGINE=InnoDB DEFAULT CHARSET=utf8mb4 COLLATE=utf8mb4_unicode_ci;

--
-- Dumping data for table `prices`
--

INSERT INTO `prices` (`id`, `user_id`, `name`, `slug`, `priority`, `quantity`, `amount`, `created_at`, `updated_at`) VALUES
(1, 1, 'Voucher Price', 'voucher-price', 1, 1, 3, '2024-07-03 10:27:56', '2024-07-27 12:23:04'),
(3, 1, 'L1 Subscription Price', 'l1-ubscription-price', 2, 1, 500, '2024-07-27 12:25:10', '2024-07-27 12:27:12');

-- --------------------------------------------------------

--
-- Table structure for table `rewards`
--

CREATE TABLE `rewards` (
  `id` bigint(20) UNSIGNED NOT NULL,
  `user_id` bigint(20) DEFAULT NULL,
  `campaign_managed_id` bigint(20) DEFAULT NULL,
  `name` varchar(255) DEFAULT NULL,
  `target_points` bigint(20) DEFAULT NULL,
  `points_per_voucher` bigint(20) DEFAULT NULL,
  `price_per_voucher` bigint(20) DEFAULT NULL,
  `created_at` timestamp NULL DEFAULT NULL,
  `updated_at` timestamp NULL DEFAULT NULL
) ENGINE=InnoDB DEFAULT CHARSET=utf8mb4 COLLATE=utf8mb4_unicode_ci;

--
-- Dumping data for table `rewards`
--

INSERT INTO `rewards` (`id`, `user_id`, `campaign_managed_id`, `name`, `target_points`, `points_per_voucher`, `price_per_voucher`, `created_at`, `updated_at`) VALUES
(3, 1, 5, 'Pot', 40, 5, 600, '2024-07-04 08:04:27', '2024-07-30 12:29:14'),
(4, 4, 6, 'TV', 40, 2, 10, '2024-07-09 07:33:35', '2024-07-09 07:33:35'),
(6, 1, 8, 'TV', 50, 2, 2000, '2024-07-27 09:10:10', '2024-07-27 09:14:05');

-- --------------------------------------------------------

--
-- Table structure for table `roles`
--

CREATE TABLE `roles` (
  `id` bigint(20) UNSIGNED NOT NULL,
  `user_id` bigint(20) DEFAULT NULL,
  `name` varchar(255) DEFAULT NULL,
  `level` int(11) DEFAULT NULL,
  `created_at` timestamp NULL DEFAULT NULL,
  `updated_at` timestamp NULL DEFAULT NULL
) ENGINE=InnoDB DEFAULT CHARSET=utf8mb4 COLLATE=utf8mb4_unicode_ci;

--
-- Dumping data for table `roles`
--

INSERT INTO `roles` (`id`, `user_id`, `name`, `level`, `created_at`, `updated_at`) VALUES
(1, 1, 'Shopper', 1, '2024-07-03 06:11:21', '2024-07-27 12:21:44'),
(2, 1, 'Issuer', 2, '2024-07-03 07:07:04', '2024-07-27 12:21:57'),
(3, 1, 'Owner', 3, '2024-07-24 15:16:12', '2024-07-27 12:22:15'),
(4, 4, 'Admin', 4, '2024-07-24 15:22:52', '2024-07-24 15:29:40');

-- --------------------------------------------------------

--
-- Table structure for table `users`
--

CREATE TABLE `users` (
  `id` bigint(20) UNSIGNED NOT NULL,
  `name` varchar(255) DEFAULT NULL,
  `address` longtext DEFAULT NULL,
  `phone` varchar(255) DEFAULT NULL,
  `role_level` int(11) DEFAULT NULL,
  `password` varchar(255) NOT NULL,
  `code` varchar(255) DEFAULT NULL,
  `email` varchar(255) NOT NULL,
  `email_verified_at` timestamp NULL DEFAULT NULL,
  `remember_token` varchar(100) DEFAULT NULL,
  `created_at` timestamp NULL DEFAULT NULL,
  `updated_at` timestamp NULL DEFAULT NULL
) ENGINE=InnoDB DEFAULT CHARSET=utf8mb4 COLLATE=utf8mb4_unicode_ci;

--
-- Dumping data for table `users`
--

INSERT INTO `users` (`id`, `name`, `address`, `phone`, `role_level`, `password`, `code`, `email`, `email_verified_at`, `remember_token`, `created_at`, `updated_at`) VALUES
(1, 'test', 'jpj[\'jjp', '1234567', 1, '$2y$12$9djCUwfwnztapMHvd23qfeEMRb3tFcpjW0TZowJB1U43pnNNFX7Wq', 'qwerty', 'mark@email.com', NULL, NULL, '2024-07-02 11:18:30', '2024-07-26 13:22:42'),
(3, 'Add', 'asd', '123', 1, '$2y$12$VNdrvGRHisj9bJa.gnRNSuigc.OL9bIboFztiH1CUYZozxW5wFPDu', '12345678', 'ad@gmail.com', NULL, NULL, '2024-07-02 11:30:34', '2024-07-03 08:06:33'),
(4, 'Mark Chovava', '14949  Tynwald South, Harare, Zimbabwe', '0782210021', 4, '$2y$12$r29Y2j.3o0tXuPPFUISzeOh206jeCLXiJLeiLSgKC6pPw.gBjZFUG', '20240705', 'a@gmail.com', NULL, NULL, '2024-07-05 15:28:24', '2024-07-24 15:15:30');

-- --------------------------------------------------------

--
-- Table structure for table `voucher_generateds`
--

CREATE TABLE `voucher_generateds` (
  `id` bigint(20) UNSIGNED NOT NULL,
  `user_id` bigint(20) DEFAULT NULL,
  `campaign_managed_id` bigint(20) DEFAULT NULL,
  `code` varchar(255) DEFAULT NULL,
  `status` int(11) DEFAULT NULL,
  `receipt_no` varchar(255) DEFAULT NULL,
  `points` varchar(255) DEFAULT NULL,
  `amount` bigint(20) DEFAULT NULL,
  `phone` varchar(255) DEFAULT NULL,
  `created_at` timestamp NULL DEFAULT NULL,
  `updated_at` timestamp NULL DEFAULT NULL
) ENGINE=InnoDB DEFAULT CHARSET=utf8mb4 COLLATE=utf8mb4_unicode_ci;

--
-- Dumping data for table `voucher_generateds`
--

INSERT INTO `voucher_generateds` (`id`, `user_id`, `campaign_managed_id`, `code`, `status`, `receipt_no`, `points`, `amount`, `phone`, `created_at`, `updated_at`) VALUES
(1013, 4, 6, '73282202407240RfmyZ1', 0, NULL, '2', 10, NULL, '2024-07-24 12:47:39', '2024-07-24 12:47:39'),
(1015, 4, 6, '1907820240724YnhNUXm', 0, NULL, '2', 10, NULL, '2024-07-24 12:47:39', '2024-07-24 12:47:39'),
(1016, 4, 6, '959020240724nTw1um0', 0, NULL, '2', 10, NULL, '2024-07-24 12:47:39', '2024-07-24 12:47:39'),
(1018, 4, 6, '8302920240724QpZBMOs', 0, NULL, '2', 10, NULL, '2024-07-24 12:47:39', '2024-07-24 12:47:39'),
(1020, 4, 6, '3011620240724D0lphgK', 0, NULL, '2', 10, NULL, '2024-07-24 12:47:39', '2024-07-24 12:47:39'),
(1021, 4, 6, '8568720240724bSoMDnF', 0, NULL, '2', 10, NULL, '2024-07-24 12:47:39', '2024-07-24 12:47:39'),
(1022, 4, 6, '9504420240724S8KAmLw', 0, NULL, '2', 10, NULL, '2024-07-24 12:47:39', '2024-07-24 12:47:39'),
(1024, 4, 6, '1028020240724QMB9Eir', 0, NULL, '2', 10, NULL, '2024-07-24 12:47:39', '2024-07-24 12:47:39'),
(1025, 4, 6, '4248120240724s5r1xXV', 0, NULL, '2', 10, NULL, '2024-07-24 12:47:39', '2024-07-24 12:47:39'),
(1026, 4, 6, '7147820240724AwhnBm7', 0, NULL, '2', 10, NULL, '2024-07-24 12:47:39', '2024-07-24 12:47:39'),
(1027, 4, 6, '7480720240724g3NnKT4', 0, NULL, '2', 10, NULL, '2024-07-24 12:47:39', '2024-07-24 12:47:39'),
(1028, 4, 6, '4689720240724VafboU9', 0, NULL, '2', 10, NULL, '2024-07-24 12:47:39', '2024-07-24 12:47:39'),
(1029, 4, 6, '5708820240724vL7DOjQ', 0, NULL, '2', 10, NULL, '2024-07-24 12:47:39', '2024-07-24 12:47:39'),
(1030, 4, 6, '967520240724mwM1WaD', 0, NULL, '2', 10, NULL, '2024-07-24 12:47:39', '2024-07-24 12:47:39'),
(1031, 4, 6, '60575202407247N0oHCm', 0, NULL, '2', 10, NULL, '2024-07-24 12:47:39', '2024-07-24 12:47:39'),
(1032, 4, 6, '1645920240724mRfux35', 0, NULL, '2', 10, NULL, '2024-07-24 12:47:39', '2024-07-24 12:47:39'),
(1033, 4, 6, '3022620240724iwrJDPX', 0, NULL, '2', 10, NULL, '2024-07-24 12:47:39', '2024-07-24 12:47:39'),
(1034, 4, 6, '800320240724A6kz9bp', 0, NULL, '2', 10, NULL, '2024-07-24 12:47:39', '2024-07-24 12:47:39'),
(1035, 4, 6, '1500420240724TKCmzZF', 0, NULL, '2', 10, NULL, '2024-07-24 12:47:39', '2024-07-24 12:47:39'),
(1036, 4, 6, '39036202407242YswqNr', 0, NULL, '2', 10, NULL, '2024-07-24 12:47:39', '2024-07-24 12:47:39'),
(1037, 4, 6, '3840220240724vlf2Mze', 0, NULL, '2', 10, NULL, '2024-07-24 12:47:39', '2024-07-24 12:47:39'),
(1038, 4, 6, '7821420240724XnbaFJM', 0, NULL, '2', 10, NULL, '2024-07-24 12:47:39', '2024-07-24 12:47:39'),
(1039, 4, 6, '7251120240724Y5VXlML', 0, NULL, '2', 10, NULL, '2024-07-24 12:47:39', '2024-07-24 12:47:39'),
(1040, 4, 6, '51939202407246VWRKk9', 0, NULL, '2', 10, NULL, '2024-07-24 12:47:39', '2024-07-24 12:47:39'),
(1041, 4, 6, '9340020240724G9YOqQ8', 0, NULL, '2', 10, NULL, '2024-07-24 12:47:39', '2024-07-24 12:47:39'),
(1042, 4, 6, '869692024072448Ohenz', 0, NULL, '2', 10, NULL, '2024-07-24 12:47:39', '2024-07-24 12:47:39'),
(1043, 4, 6, '12804202407243ap6GPS', 0, NULL, '2', 10, NULL, '2024-07-24 12:47:39', '2024-07-24 12:47:39'),
(1044, 4, 6, '5210620240724Zo5pKTX', 0, NULL, '2', 10, NULL, '2024-07-24 12:47:39', '2024-07-24 12:47:39'),
(1045, 4, 6, '8055820240724ua1zpqj', 0, NULL, '2', 10, NULL, '2024-07-24 12:47:39', '2024-07-24 12:47:39'),
(1046, 4, 6, '6203320240724gh5jAte', 0, NULL, '2', 10, NULL, '2024-07-24 12:47:39', '2024-07-24 12:47:39'),
(1047, 4, 6, '4087920240724FZh28OY', 0, NULL, '2', 10, NULL, '2024-07-24 12:47:39', '2024-07-24 12:47:39'),
(1048, 4, 6, '4275320240724thCacX4', 0, NULL, '2', 10, NULL, '2024-07-24 12:47:39', '2024-07-24 12:47:39'),
(1049, 4, 6, '70225202407241yhXUH2', 0, NULL, '2', 10, NULL, '2024-07-24 12:47:39', '2024-07-24 12:47:39'),
(1050, 4, 6, '2917420240724RVkELtc', 0, NULL, '2', 10, NULL, '2024-07-24 12:47:39', '2024-07-24 12:47:39'),
(1051, 4, 6, '1952120240724kUAYtnN', 0, NULL, '2', 10, NULL, '2024-07-24 12:47:39', '2024-07-24 12:47:39'),
(1052, 4, 6, '2794220240724M0SDsju', 0, NULL, '2', 10, NULL, '2024-07-24 12:47:39', '2024-07-24 12:47:39'),
(1053, 4, 6, '8395720240724Sc5piHm', 0, NULL, '2', 10, NULL, '2024-07-24 12:47:39', '2024-07-24 12:47:39'),
(1054, 4, 6, '9414320240724H3gVtez', 0, NULL, '2', 10, NULL, '2024-07-24 12:47:39', '2024-07-24 12:47:39'),
(1055, 4, 6, '910220240724FrtflGc', 0, NULL, '2', 10, NULL, '2024-07-24 12:47:39', '2024-07-24 12:47:39'),
(1056, 4, 6, '406920240724uQVsH4P', 0, NULL, '2', 10, NULL, '2024-07-24 12:47:39', '2024-07-24 12:47:39'),
(1057, 4, 6, '5672220240724z9DsJ8e', 0, NULL, '2', 10, NULL, '2024-07-24 12:47:39', '2024-07-24 12:47:39'),
(1058, 4, 6, '2894420240724LIc7yA4', 0, NULL, '2', 10, NULL, '2024-07-24 12:47:39', '2024-07-24 12:47:39'),
(1059, 4, 6, '5317120240724IdQDcK9', 0, NULL, '2', 10, NULL, '2024-07-24 12:47:39', '2024-07-24 12:47:39'),
(1060, 4, 6, '450020240724m24PLZs', 0, NULL, '2', 10, NULL, '2024-07-24 12:47:39', '2024-07-24 12:47:39'),
(1061, 4, 6, '4398820240724YCjtw2F', 0, NULL, '2', 10, NULL, '2024-07-24 12:47:39', '2024-07-24 12:47:39'),
(1062, 4, 6, '5626520240724JN6KH0U', 0, NULL, '2', 10, NULL, '2024-07-24 12:47:39', '2024-07-24 12:47:39'),
(1063, 4, 6, '3439420240724ybYVIkq', 0, NULL, '2', 10, NULL, '2024-07-24 12:47:39', '2024-07-24 12:47:39'),
(1064, 4, 6, '3369720240724du65aIw', 0, NULL, '2', 10, NULL, '2024-07-24 12:47:39', '2024-07-24 12:47:39'),
(1065, 4, 6, '4847720240724y87Fa1M', 0, NULL, '2', 10, NULL, '2024-07-24 12:47:39', '2024-07-24 12:47:39'),
(1066, 4, 6, '2597020240724lx05Y3X', 0, NULL, '2', 10, NULL, '2024-07-24 12:47:39', '2024-07-24 12:47:39'),
(1067, 4, 6, '3383202407247VJvDCX', 0, NULL, '2', 10, NULL, '2024-07-24 12:47:39', '2024-07-24 12:47:39'),
(1068, 4, 6, '6792220240724rSsn47z', 0, NULL, '2', 10, NULL, '2024-07-24 12:47:39', '2024-07-24 12:47:39'),
(1069, 4, 6, '4663620240724JZpefTV', 0, NULL, '2', 10, NULL, '2024-07-24 12:47:39', '2024-07-24 12:47:39'),
(1070, 4, 6, '3359820240724IvPxdQy', 0, NULL, '2', 10, NULL, '2024-07-24 12:47:39', '2024-07-24 12:47:39'),
(1071, 4, 6, '218120240724401RCQo', 0, NULL, '2', 10, NULL, '2024-07-24 12:47:39', '2024-07-24 12:47:39'),
(1072, 4, 6, '4037520240724KZIh3ya', 0, NULL, '2', 10, NULL, '2024-07-24 12:47:39', '2024-07-24 12:47:39'),
(1073, 4, 6, '9467020240724Dl3SG0e', 0, NULL, '2', 10, NULL, '2024-07-24 12:47:39', '2024-07-24 12:47:39'),
(1074, 4, 6, '13261202407246wMaUYh', 0, NULL, '2', 10, NULL, '2024-07-24 12:47:39', '2024-07-24 12:47:39'),
(1075, 4, 6, '6540320240724LgwnBpH', 0, NULL, '2', 10, NULL, '2024-07-24 12:47:39', '2024-07-24 12:47:39'),
(1076, 4, 6, '933982024072486OXuVr', 0, NULL, '2', 10, NULL, '2024-07-24 12:47:39', '2024-07-24 12:47:39'),
(1077, 4, 6, '4904020240724jl8hso1', 0, NULL, '2', 10, NULL, '2024-07-24 12:47:39', '2024-07-24 12:47:39'),
(1078, 4, 6, '563620240724atqBbZW', 0, NULL, '2', 10, NULL, '2024-07-24 12:47:39', '2024-07-24 12:47:39'),
(1079, 4, 6, '1646820240724tpLWuwn', 0, NULL, '2', 10, NULL, '2024-07-24 12:47:39', '2024-07-24 12:47:39'),
(1080, 4, 6, '316820240724KIns1ta', 0, NULL, '2', 10, NULL, '2024-07-24 12:47:39', '2024-07-24 12:47:39'),
(1081, 4, 6, '9393520240724qOPBH8f', 0, NULL, '2', 10, NULL, '2024-07-24 12:47:39', '2024-07-24 12:47:39'),
(1082, 4, 6, '5175920240724JKLk9Uh', 0, NULL, '2', 10, NULL, '2024-07-24 12:47:39', '2024-07-24 12:47:39'),
(1083, 4, 6, '7905120240724rYNizu9', 0, NULL, '2', 10, NULL, '2024-07-24 12:47:39', '2024-07-24 12:47:39'),
(1084, 4, 6, '9025020240724XAZrFSc', 0, NULL, '2', 10, NULL, '2024-07-24 12:47:39', '2024-07-24 12:47:39'),
(1085, 4, 6, '4463320240724vKSe1B6', 0, NULL, '2', 10, NULL, '2024-07-24 12:47:39', '2024-07-24 12:47:39'),
(1086, 4, 6, '5233420240724ButLfNA', 0, NULL, '2', 10, NULL, '2024-07-24 12:47:39', '2024-07-24 12:47:39'),
(1087, 4, 6, '8096220240724CinWQpB', 0, NULL, '2', 10, NULL, '2024-07-24 12:47:39', '2024-07-24 12:47:39'),
(1088, 4, 6, '7548220240724mZ1p4nH', 0, NULL, '2', 10, NULL, '2024-07-24 12:47:39', '2024-07-24 12:47:39'),
(1089, 4, 6, '7749720240724k0fAqmz', 0, NULL, '2', 10, NULL, '2024-07-24 12:47:39', '2024-07-24 12:47:39'),
(1090, 4, 6, '1307320240724A19L2YC', 0, NULL, '2', 10, NULL, '2024-07-24 12:47:39', '2024-07-24 12:47:39'),
(1091, 4, 6, '8511620240724t1FvpH5', 0, NULL, '2', 10, NULL, '2024-07-24 12:47:39', '2024-07-24 12:47:39'),
(1092, 4, 6, '13393202407249YSfe8P', 0, NULL, '2', 10, NULL, '2024-07-24 12:47:39', '2024-07-24 12:47:39'),
(1093, 4, 6, '6461820240724WIM4Kd9', 0, NULL, '2', 10, NULL, '2024-07-24 12:47:39', '2024-07-24 12:47:39'),
(1094, 4, 6, '3980020240724YIZBjNo', 0, NULL, '2', 10, NULL, '2024-07-24 12:47:39', '2024-07-24 12:47:39'),
(1095, 4, 6, '2966020240724kIOL09n', 0, NULL, '2', 10, NULL, '2024-07-24 12:47:39', '2024-07-24 12:47:39'),
(1096, 4, 6, '5063820240724uFm1T5l', 0, NULL, '2', 10, NULL, '2024-07-24 12:47:39', '2024-07-24 12:47:39'),
(1097, 4, 6, '2951120240724TKkgaM2', 0, NULL, '2', 10, NULL, '2024-07-24 12:47:39', '2024-07-24 12:47:39'),
(1098, 4, 6, '8970320240724ZTBmrg0', 0, NULL, '2', 10, NULL, '2024-07-24 12:47:39', '2024-07-24 12:47:39'),
(1099, 4, 6, '3135520240724z6Mum9B', 0, NULL, '2', 10, NULL, '2024-07-24 12:47:39', '2024-07-24 12:47:39'),
(1100, 4, 6, '4935620240724QIz3HUl', 0, NULL, '2', 10, NULL, '2024-07-24 12:47:39', '2024-07-24 12:47:39'),
(1101, 4, 6, '3966620240724Btv0ERr', 0, NULL, '2', 10, NULL, '2024-07-24 12:47:39', '2024-07-24 12:47:39'),
(1102, 4, 6, '9392020240724iULKmhR', 0, NULL, '2', 10, NULL, '2024-07-24 12:47:39', '2024-07-24 12:47:39'),
(1103, 4, 6, '3556420240724Ym3iBpn', 0, NULL, '2', 10, NULL, '2024-07-24 12:47:39', '2024-07-24 12:47:39'),
(1104, 4, 6, '7179020240724lRLVt4N', 0, NULL, '2', 10, NULL, '2024-07-24 12:47:39', '2024-07-24 12:47:39'),
(1105, 4, 6, '7541020240724CAM6ZOQ', 0, NULL, '2', 10, NULL, '2024-07-24 12:47:39', '2024-07-24 12:47:39'),
(1106, 4, 6, '9383620240724jD7c8Ks', 0, NULL, '2', 10, NULL, '2024-07-24 12:47:39', '2024-07-24 12:47:39'),
(1107, 4, 6, '7413520240724zXOeIuj', 0, NULL, '2', 10, NULL, '2024-07-24 12:47:39', '2024-07-24 12:47:39'),
(1108, 4, 6, '5114720240724x92Q1iU', 0, NULL, '2', 10, NULL, '2024-07-24 12:47:39', '2024-07-24 12:47:39'),
(1109, 4, 6, '4214320240724LcrDqJ6', 0, NULL, '2', 10, NULL, '2024-07-24 12:47:39', '2024-07-24 12:47:39'),
(1110, 4, 6, '5795020240724C904cY8', 0, NULL, '2', 10, NULL, '2024-07-24 12:47:39', '2024-07-24 12:47:39'),
(1111, 4, 6, '7603220240724BArvcsn', 0, NULL, '2', 10, NULL, '2024-07-24 12:47:39', '2024-07-24 12:47:39'),
(1112, 4, 6, '65171202407242KVzREX', 0, NULL, '2', 10, NULL, '2024-07-24 12:47:39', '2024-07-24 12:47:39'),
(1113, 4, 6, '219220240724i3u0BL1', 0, NULL, '2', 10, NULL, '2024-07-24 12:47:39', '2024-07-24 12:47:39'),
(1114, 4, 6, '6556320240724PBlhN6Y', 0, NULL, '2', 10, NULL, '2024-07-24 12:47:39', '2024-07-24 12:47:39'),
(1115, 4, 6, '6964520240724VejhP6H', 0, NULL, '2', 10, NULL, '2024-07-24 12:47:39', '2024-07-24 12:47:39'),
(1116, 4, 6, '4869020240724WkAzU4F', 0, NULL, '2', 10, NULL, '2024-07-24 12:47:39', '2024-07-24 12:47:39'),
(1117, 4, 6, '7498220240724fQdz6h8', 0, NULL, '2', 10, NULL, '2024-07-24 12:47:39', '2024-07-24 12:47:39'),
(1118, 4, 6, '7080520240724X8U9KBg', 0, NULL, '2', 10, NULL, '2024-07-24 12:47:39', '2024-07-24 12:47:39'),
(1119, 4, 6, '5819202407245nFtbUv', 0, NULL, '2', 10, NULL, '2024-07-24 12:47:39', '2024-07-24 12:47:39'),
(1120, 4, 6, '65523202407244guP3nh', 0, NULL, '2', 10, NULL, '2024-07-24 12:47:39', '2024-07-24 12:47:39'),
(1121, 4, 6, '881620240724Vbjs4HO', 0, NULL, '2', 10, NULL, '2024-07-24 12:47:39', '2024-07-24 12:47:39'),
(1122, 4, 6, '4971220240724Qmglvuk', 0, NULL, '2', 10, NULL, '2024-07-24 12:47:39', '2024-07-24 12:47:39'),
(1123, 4, 6, '8817520240724wMBXhJn', 0, NULL, '2', 10, NULL, '2024-07-24 12:47:39', '2024-07-24 12:47:39'),
(1124, 4, 6, '8892920240724rZ5ikfN', 0, NULL, '2', 10, NULL, '2024-07-24 12:47:39', '2024-07-24 12:47:39'),
(1125, 4, 6, '2852820240724WASKkGP', 0, NULL, '2', 10, NULL, '2024-07-24 12:47:39', '2024-07-24 12:47:39'),
(1126, 4, 6, '4202420240724KZRa3Qg', 0, NULL, '2', 10, NULL, '2024-07-24 12:47:39', '2024-07-24 12:47:39'),
(1127, 4, 6, '41020240724ZDcJyO2', 0, NULL, '2', 10, NULL, '2024-07-24 12:47:39', '2024-07-24 12:47:39'),
(1128, 4, 6, '831982024072478963Y1', 0, NULL, '2', 10, NULL, '2024-07-24 12:47:39', '2024-07-24 12:47:39'),
(1129, 4, 6, '77945202407242pfwPJ3', 0, NULL, '2', 10, NULL, '2024-07-24 12:47:39', '2024-07-24 12:47:39'),
(1130, 4, 6, '2989420240724RM29bv0', 0, NULL, '2', 10, NULL, '2024-07-24 12:47:39', '2024-07-24 12:47:39'),
(1131, 4, 6, '51199202407247dahnXp', 0, NULL, '2', 10, NULL, '2024-07-24 12:47:39', '2024-07-24 12:47:39'),
(1132, 4, 6, '4776202407241Lc5vfs', 0, NULL, '2', 10, NULL, '2024-07-24 12:47:39', '2024-07-24 12:47:39'),
(1133, 4, 6, '8635220240724DAWC83p', 0, NULL, '2', 10, NULL, '2024-07-24 12:47:39', '2024-07-24 12:47:39'),
(1134, 4, 6, '8840620240724qz1HbJg', 0, NULL, '2', 10, NULL, '2024-07-24 12:47:39', '2024-07-24 12:47:39'),
(1135, 4, 6, '8889020240724VHMpZo9', 0, NULL, '2', 10, NULL, '2024-07-24 12:47:39', '2024-07-24 12:47:39'),
(1136, 4, 6, '7536202407248PJMcXY', 0, NULL, '2', 10, NULL, '2024-07-24 12:47:39', '2024-07-24 12:47:39'),
(1137, 4, 6, '1400120240724prIDBtb', 0, NULL, '2', 10, NULL, '2024-07-24 12:47:39', '2024-07-24 12:47:39'),
(1138, 4, 6, '5308220240724i4y9lUA', 0, NULL, '2', 10, NULL, '2024-07-24 12:47:39', '2024-07-24 12:47:39'),
(1139, 4, 6, '3769920240724puoghXe', 0, NULL, '2', 10, NULL, '2024-07-24 12:47:39', '2024-07-24 12:47:39'),
(1140, 4, 6, '7695820240724bVKCtZj', 0, NULL, '2', 10, NULL, '2024-07-24 12:47:39', '2024-07-24 12:47:39'),
(1141, 4, 6, '2223220240724qr3VJ9S', 0, NULL, '2', 10, NULL, '2024-07-24 12:47:39', '2024-07-24 12:47:39'),
(1142, 4, 6, '60440202407243dqbXPC', 0, NULL, '2', 10, NULL, '2024-07-24 12:47:39', '2024-07-24 12:47:39'),
(1143, 4, 6, '9715520240724nJivPDE', 0, NULL, '2', 10, NULL, '2024-07-24 12:47:39', '2024-07-24 12:47:39'),
(1144, 4, 6, '764920240724eXh2nER', 0, NULL, '2', 10, NULL, '2024-07-24 12:47:39', '2024-07-24 12:47:39'),
(1145, 4, 6, '1434220240724mqu1vGx', 0, NULL, '2', 10, NULL, '2024-07-24 12:47:39', '2024-07-24 12:47:39'),
(1146, 4, 6, '2394920240724sTevOY9', 0, NULL, '2', 10, NULL, '2024-07-24 12:47:39', '2024-07-24 12:47:39'),
(1147, 4, 6, '9428220240724uvseKI5', 0, NULL, '2', 10, NULL, '2024-07-24 12:47:39', '2024-07-24 12:47:39'),
(1148, 4, 6, '5974420240724LQruSUx', 0, NULL, '2', 10, NULL, '2024-07-24 12:47:39', '2024-07-24 12:47:39'),
(1149, 4, 6, '7314220240724ZuNOI6T', 0, NULL, '2', 10, NULL, '2024-07-24 12:47:39', '2024-07-24 12:47:39'),
(1150, 4, 6, '7078720240724jH62ow8', 0, NULL, '2', 10, NULL, '2024-07-24 12:47:39', '2024-07-24 12:47:39'),
(1151, 4, 6, '3116420240724omJa1Mx', 0, NULL, '2', 10, NULL, '2024-07-24 12:47:39', '2024-07-24 12:47:39'),
(1152, 4, 6, '8308220240724ZD3iMsb', 0, NULL, '2', 10, NULL, '2024-07-24 12:47:39', '2024-07-24 12:47:39'),
(1153, 4, 6, '1987820240724lygu2LW', 0, NULL, '2', 10, NULL, '2024-07-24 12:47:39', '2024-07-24 12:47:39'),
(1154, 4, 6, '5423420240724tnJd3gz', 0, NULL, '2', 10, NULL, '2024-07-24 12:47:39', '2024-07-24 12:47:39'),
(1155, 4, 6, '41861202407247N0nqoZ', 0, NULL, '2', 10, NULL, '2024-07-24 12:47:39', '2024-07-24 12:47:39'),
(1156, 4, 6, '2814820240724oYsdj8C', 0, NULL, '2', 10, NULL, '2024-07-24 12:47:39', '2024-07-24 12:47:39'),
(1157, 4, 6, '59902202407243IruBXv', 0, NULL, '2', 10, NULL, '2024-07-24 12:47:39', '2024-07-24 12:47:39'),
(1158, 4, 6, '2733320240724u8tBfag', 0, NULL, '2', 10, NULL, '2024-07-24 12:47:39', '2024-07-24 12:47:39'),
(1159, 4, 6, '9263920240724n5XMH9l', 0, NULL, '2', 10, NULL, '2024-07-24 12:47:39', '2024-07-24 12:47:39'),
(1160, 4, 6, '32671202407245ODXV2Y', 0, NULL, '2', 10, NULL, '2024-07-24 12:47:39', '2024-07-24 12:47:39'),
(1161, 4, 6, '2951620240724woEiUhK', 0, NULL, '2', 10, NULL, '2024-07-24 12:47:39', '2024-07-24 12:47:39'),
(1162, 4, 6, '7404720240724lw8zmIX', 0, NULL, '2', 10, NULL, '2024-07-24 12:47:39', '2024-07-24 12:47:39'),
(1163, 4, 6, '83874202407244X2TA1Z', 0, NULL, '2', 10, NULL, '2024-07-24 12:47:39', '2024-07-24 12:47:39'),
(1164, 4, 6, '6011820240724nPIv2RE', 0, NULL, '2', 10, NULL, '2024-07-24 12:47:39', '2024-07-24 12:47:39'),
(1165, 4, 6, '4676120240724gufBxMN', 0, NULL, '2', 10, NULL, '2024-07-24 12:47:39', '2024-07-24 12:47:39'),
(1166, 4, 6, '4122820240724D15h4sM', 0, NULL, '2', 10, NULL, '2024-07-24 12:47:39', '2024-07-24 12:47:39'),
(1167, 4, 6, '4147820240724V6IMH8S', 0, NULL, '2', 10, NULL, '2024-07-24 12:47:39', '2024-07-24 12:47:39'),
(1168, 4, 6, '3448620240724mUH1XI5', 0, NULL, '2', 10, NULL, '2024-07-24 12:47:39', '2024-07-24 12:47:39'),
(1169, 4, 6, '2609620240724XjygbFk', 0, NULL, '2', 10, NULL, '2024-07-24 12:47:39', '2024-07-24 12:47:39'),
(1170, 4, 6, '546842024072481hVCdT', 0, NULL, '2', 10, NULL, '2024-07-24 12:47:39', '2024-07-24 12:47:39'),
(1171, 4, 6, '22120202407242q5ljaP', 0, NULL, '2', 10, NULL, '2024-07-24 12:47:39', '2024-07-24 12:47:39'),
(1172, 4, 6, '1084920240724tFpxI4G', 0, NULL, '2', 10, NULL, '2024-07-24 12:47:39', '2024-07-24 12:47:39'),
(1173, 4, 6, '8649520240724uaA8yQh', 0, NULL, '2', 10, NULL, '2024-07-24 12:47:39', '2024-07-24 12:47:39'),
(1174, 4, 6, '4182620240724V5f1rhi', 0, NULL, '2', 10, NULL, '2024-07-24 12:47:39', '2024-07-24 12:47:39'),
(1175, 4, 6, '1150320240724diMOWAv', 0, NULL, '2', 10, NULL, '2024-07-24 12:47:39', '2024-07-24 12:47:39'),
(1176, 4, 6, '58884202407246051Uzf', 0, NULL, '2', 10, NULL, '2024-07-24 12:47:39', '2024-07-24 12:47:39'),
(1177, 4, 6, '7767120240724bEWCUMz', 0, NULL, '2', 10, NULL, '2024-07-24 12:47:39', '2024-07-24 12:47:39'),
(1178, 4, 6, '1994520240724za0LwoB', 0, NULL, '2', 10, NULL, '2024-07-24 12:47:40', '2024-07-24 12:47:40'),
(1179, 4, 6, '8374320240724zfxaIjw', 0, NULL, '2', 10, NULL, '2024-07-24 12:47:40', '2024-07-24 12:47:40'),
(1180, 4, 6, '5863720240724QMxEvDU', 0, NULL, '2', 10, NULL, '2024-07-24 12:47:40', '2024-07-24 12:47:40'),
(1181, 4, 6, '3145420240724UvNbDQO', 0, NULL, '2', 10, NULL, '2024-07-24 12:47:40', '2024-07-24 12:47:40'),
(1182, 4, 6, '3767520240724DqhbiGV', 0, NULL, '2', 10, NULL, '2024-07-24 12:47:40', '2024-07-24 12:47:40'),
(1183, 4, 6, '3087320240724wNrcBei', 0, NULL, '2', 10, NULL, '2024-07-24 12:47:40', '2024-07-24 12:47:40'),
(1184, 4, 6, '1986120240724eI3GZ1n', 0, NULL, '2', 10, NULL, '2024-07-24 12:47:40', '2024-07-24 12:47:40'),
(1185, 4, 6, '9194920240724dWgKxl1', 0, NULL, '2', 10, NULL, '2024-07-24 12:47:40', '2024-07-24 12:47:40'),
(1186, 4, 6, '7016620240724XYOTI15', 0, NULL, '2', 10, NULL, '2024-07-24 12:47:40', '2024-07-24 12:47:40'),
(1187, 4, 6, '36348202407244z2iaV1', 0, NULL, '2', 10, NULL, '2024-07-24 12:47:40', '2024-07-24 12:47:40'),
(1188, 4, 6, '6309120240724WzAgn6M', 0, NULL, '2', 10, NULL, '2024-07-24 12:47:40', '2024-07-24 12:47:40'),
(1189, 4, 6, '165920240724m3tVUbM', 0, NULL, '2', 10, NULL, '2024-07-24 12:47:40', '2024-07-24 12:47:40'),
(1190, 4, 6, '42623202407242QmUzHG', 0, NULL, '2', 10, NULL, '2024-07-24 12:47:40', '2024-07-24 12:47:40'),
(1191, 4, 6, '5831820240724VhrXI9J', 0, NULL, '2', 10, NULL, '2024-07-24 12:47:40', '2024-07-24 12:47:40'),
(1192, 4, 6, '91814202407244y0kC9S', 0, NULL, '2', 10, NULL, '2024-07-24 12:47:40', '2024-07-24 12:47:40'),
(1193, 4, 6, '79012202407241prSQh0', 0, NULL, '2', 10, NULL, '2024-07-24 12:47:40', '2024-07-24 12:47:40'),
(1194, 4, 6, '7471420240724Jy1k7Qz', 0, NULL, '2', 10, NULL, '2024-07-24 12:47:40', '2024-07-24 12:47:40'),
(1195, 4, 6, '5965520240724y7DIKf1', 0, NULL, '2', 10, NULL, '2024-07-24 12:47:40', '2024-07-24 12:47:40'),
(1196, 4, 6, '9154120240724dyJSBla', 0, NULL, '2', 10, NULL, '2024-07-24 12:47:40', '2024-07-24 12:47:40'),
(1197, 4, 6, '5412020240724DLaOrFo', 0, NULL, '2', 10, NULL, '2024-07-24 12:47:40', '2024-07-24 12:47:40'),
(1198, 4, 6, '598320240724Ni526Ma', 0, NULL, '2', 10, NULL, '2024-07-24 12:47:40', '2024-07-24 12:47:40'),
(1199, 4, 6, '80677202407249CMPY3S', 0, NULL, '2', 10, NULL, '2024-07-24 12:47:40', '2024-07-24 12:47:40'),
(1200, 4, 6, '7795420240724SNqWF9r', 0, NULL, '2', 10, NULL, '2024-07-24 12:47:40', '2024-07-24 12:47:40'),
(1201, 4, 6, '2502020240724gpYwH19', 0, NULL, '2', 10, NULL, '2024-07-24 12:47:40', '2024-07-24 12:47:40'),
(1202, 4, 6, '6044720240724DToUOQn', 0, NULL, '2', 10, NULL, '2024-07-24 12:47:40', '2024-07-24 12:47:40'),
(1203, 4, 6, '60485202407249khzAQH', 0, NULL, '2', 10, NULL, '2024-07-24 12:47:40', '2024-07-24 12:47:40'),
(1204, 4, 6, '56036202407246VUJCf0', 0, NULL, '2', 10, NULL, '2024-07-24 12:47:40', '2024-07-24 12:47:40'),
(1205, 4, 6, '9981420240724L4eJYFo', 0, NULL, '2', 10, NULL, '2024-07-24 12:47:40', '2024-07-24 12:47:40'),
(1206, 4, 6, '3519820240724PqQcyMG', 0, NULL, '2', 10, NULL, '2024-07-24 12:47:40', '2024-07-24 12:47:40'),
(1207, 4, 6, '2957120240724xkOVogL', 0, NULL, '2', 10, NULL, '2024-07-24 12:47:40', '2024-07-24 12:47:40'),
(1208, 4, 6, '3086320240724YwEgKaj', 0, NULL, '2', 10, NULL, '2024-07-24 12:47:40', '2024-07-24 12:47:40'),
(1209, 4, 6, '3143220240724fmywCkR', 0, NULL, '2', 10, NULL, '2024-07-24 12:47:40', '2024-07-24 12:47:40'),
(1210, 4, 6, '7944920240724lF9kEgU', 0, NULL, '2', 10, NULL, '2024-07-24 12:47:40', '2024-07-24 12:47:40'),
(1211, 4, 6, '5259820240724DK8Nwyo', 0, NULL, '2', 10, NULL, '2024-07-24 12:47:40', '2024-07-24 12:47:40'),
(1212, 4, 6, '9459720240724TErgJhW', 0, NULL, '2', 10, NULL, '2024-07-24 12:47:40', '2024-07-24 12:47:40'),
(1213, 4, 6, '349620240724xzgM5YP', 0, NULL, '2', 10, NULL, '2024-07-24 12:47:40', '2024-07-24 12:47:40'),
(1214, 4, 6, '4616220240724TA1GWz5', 0, NULL, '2', 10, NULL, '2024-07-24 12:47:40', '2024-07-24 12:47:40'),
(1215, 4, 6, '9283020240724DpNCS9R', 0, NULL, '2', 10, NULL, '2024-07-24 12:47:40', '2024-07-24 12:47:40'),
(1216, 4, 6, '3769320240724FTAP0q4', 0, NULL, '2', 10, NULL, '2024-07-24 12:47:40', '2024-07-24 12:47:40'),
(1217, 4, 6, '1189020240724NBT7J8C', 0, NULL, '2', 10, NULL, '2024-07-24 12:47:40', '2024-07-24 12:47:40'),
(1218, 4, 6, '6337520240724YUm1D0F', 0, NULL, '2', 10, NULL, '2024-07-24 12:47:40', '2024-07-24 12:47:40'),
(1219, 4, 6, '7661520240724Bj2CDSe', 0, NULL, '2', 10, NULL, '2024-07-24 12:47:40', '2024-07-24 12:47:40'),
(1220, 4, 6, '53956202407240OJH2py', 0, NULL, '2', 10, NULL, '2024-07-24 12:47:40', '2024-07-24 12:47:40'),
(1221, 4, 6, '6813220240724SwCmo9p', 0, NULL, '2', 10, NULL, '2024-07-24 12:47:40', '2024-07-24 12:47:40'),
(1222, 4, 6, '3027820240724g9yoBwE', 0, NULL, '2', 10, NULL, '2024-07-24 12:47:40', '2024-07-24 12:47:40'),
(1223, 4, 6, '7206520240724z1F27oB', 0, NULL, '2', 10, NULL, '2024-07-24 12:47:40', '2024-07-24 12:47:40'),
(1224, 4, 6, '552820240724u2HtcmX', 0, NULL, '2', 10, NULL, '2024-07-24 12:47:40', '2024-07-24 12:47:40'),
(1225, 4, 6, '5677720240724dFyvrEX', 0, NULL, '2', 10, NULL, '2024-07-24 12:47:40', '2024-07-24 12:47:40'),
(1226, 4, 6, '8470620240724NUyZAHQ', 0, NULL, '2', 10, NULL, '2024-07-24 12:47:40', '2024-07-24 12:47:40'),
(1227, 4, 6, '49396202407242KZowWn', 0, NULL, '2', 10, NULL, '2024-07-24 12:47:40', '2024-07-24 12:47:40'),
(1228, 4, 6, '3721220240724yJHSLb8', 0, NULL, '2', 10, NULL, '2024-07-24 12:47:40', '2024-07-24 12:47:40'),
(1229, 4, 6, '3819320240724gUHtFDS', 0, NULL, '2', 10, NULL, '2024-07-24 12:47:40', '2024-07-24 12:47:40'),
(1230, 4, 6, '5376920240724mFRErjC', 0, NULL, '2', 10, NULL, '2024-07-24 12:47:40', '2024-07-24 12:47:40'),
(1231, 4, 6, '6053620240724gD8cQkC', 0, NULL, '2', 10, NULL, '2024-07-24 12:47:40', '2024-07-24 12:47:40'),
(1232, 4, 6, '8456620240724iYdZCzX', 0, NULL, '2', 10, NULL, '2024-07-24 12:47:40', '2024-07-24 12:47:40'),
(1233, 4, 6, '7888920240724tZh6pIK', 0, NULL, '2', 10, NULL, '2024-07-24 12:47:40', '2024-07-24 12:47:40'),
(1234, 4, 6, '6476620240724csRyVbj', 0, NULL, '2', 10, NULL, '2024-07-24 12:47:40', '2024-07-24 12:47:40'),
(1235, 4, 6, '94044202407244fpNFEJ', 0, NULL, '2', 10, NULL, '2024-07-24 12:47:40', '2024-07-24 12:47:40'),
(1236, 4, 6, '7559620240724nUeSdK5', 0, NULL, '2', 10, NULL, '2024-07-24 12:47:40', '2024-07-24 12:47:40'),
(1237, 4, 6, '6493020240724ThSFB1p', 0, NULL, '2', 10, NULL, '2024-07-24 12:47:40', '2024-07-24 12:47:40'),
(1238, 4, 6, '1462020240724bJAnhKL', 0, NULL, '2', 10, NULL, '2024-07-24 12:47:40', '2024-07-24 12:47:40'),
(1239, 4, 6, '93664202407245xKs4YQ', 0, NULL, '2', 10, NULL, '2024-07-24 12:47:40', '2024-07-24 12:47:40'),
(1240, 4, 6, '7326820240724eaETI4J', 0, NULL, '2', 10, NULL, '2024-07-24 12:47:40', '2024-07-24 12:47:40'),
(1241, 4, 6, '9583520240724don1yuN', 0, NULL, '2', 10, NULL, '2024-07-24 12:47:40', '2024-07-24 12:47:40'),
(1242, 4, 6, '8688420240724bcwQmLu', 0, NULL, '2', 10, NULL, '2024-07-24 12:47:40', '2024-07-24 12:47:40'),
(1243, 4, 6, '6780520240724A4qUJt3', 0, NULL, '2', 10, NULL, '2024-07-24 12:47:40', '2024-07-24 12:47:40'),
(1244, 4, 6, '4924820240724b8RVnyG', 0, NULL, '2', 10, NULL, '2024-07-24 12:47:40', '2024-07-24 12:47:40'),
(1245, 4, 6, '5511820240724BOPmtVX', 0, NULL, '2', 10, NULL, '2024-07-24 12:47:40', '2024-07-24 12:47:40'),
(1246, 4, 6, '9769220240724JqtZvHF', 0, NULL, '2', 10, NULL, '2024-07-24 12:47:40', '2024-07-24 12:47:40'),
(1247, 4, 6, '4270520240724UjebxT6', 0, NULL, '2', 10, NULL, '2024-07-24 12:47:40', '2024-07-24 12:47:40'),
(1248, 4, 6, '6060220240724KC2Jsdu', 0, NULL, '2', 10, NULL, '2024-07-24 12:47:40', '2024-07-24 12:47:40'),
(1249, 4, 6, '8400720240724DP7HQ9I', 0, NULL, '2', 10, NULL, '2024-07-24 12:47:40', '2024-07-24 12:47:40'),
(1250, 4, 6, '1513320240724kyULdDJ', 0, NULL, '2', 10, NULL, '2024-07-24 12:47:40', '2024-07-24 12:47:40'),
(1251, 4, 6, '38743202407243Uh8gDm', 0, NULL, '2', 10, NULL, '2024-07-24 12:47:40', '2024-07-24 12:47:40'),
(1252, 4, 6, '1673120240724IJTC42v', 0, NULL, '2', 10, NULL, '2024-07-24 12:47:40', '2024-07-24 12:47:40'),
(1253, 4, 6, '5848320240724CyFzwB3', 0, NULL, '2', 10, NULL, '2024-07-24 12:47:40', '2024-07-24 12:47:40'),
(1254, 4, 6, '9106520240724je4w0Q5', 0, NULL, '2', 10, NULL, '2024-07-24 12:47:40', '2024-07-24 12:47:40'),
(1255, 4, 6, '7695120240724ckFQKaX', 0, NULL, '2', 10, NULL, '2024-07-24 12:47:40', '2024-07-24 12:47:40'),
(1256, 4, 6, '6363720240724EwctTDg', 0, NULL, '2', 10, NULL, '2024-07-24 12:47:40', '2024-07-24 12:47:40'),
(1257, 4, 6, '9674720240724I4CuRZL', 0, NULL, '2', 10, NULL, '2024-07-24 12:47:40', '2024-07-24 12:47:40'),
(1258, 4, 6, '1969820240724QX5h3jY', 0, NULL, '2', 10, NULL, '2024-07-24 12:47:40', '2024-07-24 12:47:40'),
(1259, 4, 6, '83582202407243pEwRLt', 0, NULL, '2', 10, NULL, '2024-07-24 12:47:40', '2024-07-24 12:47:40'),
(1260, 4, 6, '5323020240724QjLzUX1', 0, NULL, '2', 10, NULL, '2024-07-24 12:47:40', '2024-07-24 12:47:40'),
(1261, 4, 6, '62951202407246QZtkMY', 0, NULL, '2', 10, NULL, '2024-07-24 12:47:40', '2024-07-24 12:47:40'),
(1262, 4, 6, '8371120240724PZQWaxp', 0, NULL, '2', 10, NULL, '2024-07-24 12:47:40', '2024-07-24 12:47:40'),
(1263, 4, 6, '9727220240724h12efwp', 0, NULL, '2', 10, NULL, '2024-07-24 12:47:40', '2024-07-24 12:47:40'),
(1264, 4, 6, '8497320240724r04d5pK', 0, NULL, '2', 10, NULL, '2024-07-24 12:47:40', '2024-07-24 12:47:40'),
(1265, 4, 6, '3441220240724ZSsB85j', 0, NULL, '2', 10, NULL, '2024-07-24 12:47:40', '2024-07-24 12:47:40'),
(1266, 4, 6, '39578202407244dSZBhv', 0, NULL, '2', 10, NULL, '2024-07-24 12:47:40', '2024-07-24 12:47:40'),
(1267, 4, 6, '1512420240724AnWLm4Y', 0, NULL, '2', 10, NULL, '2024-07-24 12:47:40', '2024-07-24 12:47:40'),
(1268, 4, 6, '5976120240724UWDryq4', 0, NULL, '2', 10, NULL, '2024-07-24 12:47:40', '2024-07-24 12:47:40'),
(1269, 4, 6, '4024220240724cEDAU5X', 0, NULL, '2', 10, NULL, '2024-07-24 12:47:40', '2024-07-24 12:47:40'),
(1270, 4, 6, '49279202407244QZ5TjX', 0, NULL, '2', 10, NULL, '2024-07-24 12:47:40', '2024-07-24 12:47:40'),
(1271, 4, 6, '77458202407246UTGCu0', 0, NULL, '2', 10, NULL, '2024-07-24 12:47:40', '2024-07-24 12:47:40'),
(1272, 4, 6, '7741020240724WhKMLe3', 0, NULL, '2', 10, NULL, '2024-07-24 12:47:40', '2024-07-24 12:47:40'),
(1273, 4, 6, '8851620240724Jwfa36m', 0, NULL, '2', 10, NULL, '2024-07-24 12:47:40', '2024-07-24 12:47:40'),
(1274, 4, 6, '19933202407249lvoZHR', 0, NULL, '2', 10, NULL, '2024-07-24 12:47:40', '2024-07-24 12:47:40'),
(1275, 4, 6, '6944920240724Zj5X1Fb', 0, NULL, '2', 10, NULL, '2024-07-24 12:47:40', '2024-07-24 12:47:40'),
(1276, 4, 6, '5399120240724CLZQ7Yl', 0, NULL, '2', 10, NULL, '2024-07-24 12:47:40', '2024-07-24 12:47:40'),
(1277, 4, 6, '64860202407245g3zESb', 0, NULL, '2', 10, NULL, '2024-07-24 12:47:40', '2024-07-24 12:47:40'),
(1278, 4, 6, '4031920240724MDXRPwO', 0, NULL, '2', 10, NULL, '2024-07-24 12:47:40', '2024-07-24 12:47:40'),
(1279, 4, 6, '1501620240724bU8A4Pr', 0, NULL, '2', 10, NULL, '2024-07-24 12:47:40', '2024-07-24 12:47:40'),
(1280, 4, 6, '8943020240724st2Iqxp', 0, NULL, '2', 10, NULL, '2024-07-24 12:47:40', '2024-07-24 12:47:40'),
(1281, 4, 6, '7077520240724n3chojX', 0, NULL, '2', 10, NULL, '2024-07-24 12:47:40', '2024-07-24 12:47:40'),
(1282, 4, 6, '9976420240724LUDBm7u', 0, NULL, '2', 10, NULL, '2024-07-24 12:47:40', '2024-07-24 12:47:40'),
(1283, 4, 6, '3367220240724fURkHbz', 0, NULL, '2', 10, NULL, '2024-07-24 12:47:40', '2024-07-24 12:47:40'),
(1284, 4, 6, '2888720240724hSLxf0N', 0, NULL, '2', 10, NULL, '2024-07-24 12:47:40', '2024-07-24 12:47:40'),
(1285, 4, 6, '6885120240724UIVe9zr', 0, NULL, '2', 10, NULL, '2024-07-24 12:47:40', '2024-07-24 12:47:40'),
(1286, 4, 6, '6835920240724oz3470R', 0, NULL, '2', 10, NULL, '2024-07-24 12:47:40', '2024-07-24 12:47:40'),
(1287, 4, 6, '66520240724Q1r3hlM', 0, NULL, '2', 10, NULL, '2024-07-24 12:47:40', '2024-07-24 12:47:40'),
(1288, 4, 6, '380420240724pIdcCav', 0, NULL, '2', 10, NULL, '2024-07-24 12:47:40', '2024-07-24 12:47:40'),
(1289, 4, 6, '7144720240724ZBUiwWJ', 0, NULL, '2', 10, NULL, '2024-07-24 12:47:40', '2024-07-24 12:47:40'),
(1290, 4, 6, '47303202407248FDpCbK', 0, NULL, '2', 10, NULL, '2024-07-24 12:47:40', '2024-07-24 12:47:40'),
(1291, 4, 6, '31892202407247JUuG5S', 0, NULL, '2', 10, NULL, '2024-07-24 12:47:40', '2024-07-24 12:47:40'),
(1292, 4, 6, '752932024072464PEd9o', 0, NULL, '2', 10, NULL, '2024-07-24 12:47:40', '2024-07-24 12:47:40'),
(1293, 4, 6, '3098620240724hnVg4ur', 0, NULL, '2', 10, NULL, '2024-07-24 12:47:40', '2024-07-24 12:47:40'),
(1294, 4, 6, '302320240724uiAPUSX', 0, NULL, '2', 10, NULL, '2024-07-24 12:47:40', '2024-07-24 12:47:40'),
(1295, 4, 6, '8015420240724ibnIPf8', 0, NULL, '2', 10, NULL, '2024-07-24 12:47:40', '2024-07-24 12:47:40'),
(1296, 4, 6, '1630020240724C0x3uRM', 0, NULL, '2', 10, NULL, '2024-07-24 12:47:40', '2024-07-24 12:47:40'),
(1297, 4, 6, '3705820240724WIFgr29', 0, NULL, '2', 10, NULL, '2024-07-24 12:47:40', '2024-07-24 12:47:40'),
(1298, 4, 6, '281620240724mfHo47W', 0, NULL, '2', 10, NULL, '2024-07-24 12:47:40', '2024-07-24 12:47:40'),
(1299, 4, 6, '77397202407247OPRAYD', 0, NULL, '2', 10, NULL, '2024-07-24 12:47:40', '2024-07-24 12:47:40'),
(1300, 4, 6, '1936120240724AZFuRb8', 0, NULL, '2', 10, NULL, '2024-07-24 12:47:40', '2024-07-24 12:47:40'),
(1301, 4, 6, '1651720240724oD5P0Ol', 0, NULL, '2', 10, NULL, '2024-07-24 12:47:40', '2024-07-24 12:47:40'),
(1302, 4, 6, '1250820240724059WcxQ', 0, NULL, '2', 10, NULL, '2024-07-24 12:47:40', '2024-07-24 12:47:40'),
(1303, 4, 6, '4655920240724NpfYmo9', 0, NULL, '2', 10, NULL, '2024-07-24 12:47:40', '2024-07-24 12:47:40'),
(1304, 4, 6, '46435202407240oHW9Rk', 0, NULL, '2', 10, NULL, '2024-07-24 12:47:40', '2024-07-24 12:47:40'),
(1305, 4, 6, '4416820240724OXft46s', 0, NULL, '2', 10, NULL, '2024-07-24 12:47:40', '2024-07-24 12:47:40'),
(1306, 4, 6, '5648220240724rGCnSe6', 0, NULL, '2', 10, NULL, '2024-07-24 12:47:40', '2024-07-24 12:47:40'),
(1307, 4, 6, '63640202407247uWfTK1', 0, NULL, '2', 10, NULL, '2024-07-24 12:47:40', '2024-07-24 12:47:40'),
(1308, 4, 6, '29333202407245NRDPX0', 0, NULL, '2', 10, NULL, '2024-07-24 12:47:40', '2024-07-24 12:47:40'),
(1309, 4, 6, '6466820240724enDzlRd', 0, NULL, '2', 10, NULL, '2024-07-24 12:47:40', '2024-07-24 12:47:40'),
(1310, 4, 6, '2642620240724dC1TeRW', 0, NULL, '2', 10, NULL, '2024-07-24 12:47:40', '2024-07-24 12:47:40'),
(1311, 4, 6, '5895420240724VfrwvE9', 0, NULL, '2', 10, NULL, '2024-07-24 12:47:40', '2024-07-24 12:47:40'),
(1312, 4, 6, '1392720240724AfmOUJ6', 0, NULL, '2', 10, NULL, '2024-07-24 12:47:40', '2024-07-24 12:47:40'),
(1313, 4, 6, '5751620240724Ntrq0LX', 0, NULL, '2', 10, NULL, '2024-07-24 12:47:40', '2024-07-24 12:47:40'),
(1314, 4, 6, '1036020240724rCuxFIQ', 0, NULL, '2', 10, NULL, '2024-07-24 12:47:40', '2024-07-24 12:47:40'),
(1315, 4, 6, '73506202407243h2tDBw', 0, NULL, '2', 10, NULL, '2024-07-24 12:47:40', '2024-07-24 12:47:40'),
(1316, 4, 6, '3636520240724du6JsiS', 0, NULL, '2', 10, NULL, '2024-07-24 12:47:40', '2024-07-24 12:47:40'),
(1317, 4, 6, '1729520240724VqcgijK', 0, NULL, '2', 10, NULL, '2024-07-24 12:47:40', '2024-07-24 12:47:40'),
(1318, 4, 6, '424120240724E6jT9kg', 0, NULL, '2', 10, NULL, '2024-07-24 12:47:40', '2024-07-24 12:47:40'),
(1319, 4, 6, '1827420240724XP4DjTm', 0, NULL, '2', 10, NULL, '2024-07-24 12:47:40', '2024-07-24 12:47:40'),
(1320, 4, 6, '5262720240724HZdzDM2', 0, NULL, '2', 10, NULL, '2024-07-24 12:47:40', '2024-07-24 12:47:40'),
(1321, 4, 6, '7656620240724ucvkD3h', 0, NULL, '2', 10, NULL, '2024-07-24 12:47:40', '2024-07-24 12:47:40'),
(1322, 4, 6, '12836202407243ZtTgoJ', 0, NULL, '2', 10, NULL, '2024-07-24 12:47:40', '2024-07-24 12:47:40'),
(1323, 4, 6, '1168120240724WA6OnRc', 0, NULL, '2', 10, NULL, '2024-07-24 12:47:40', '2024-07-24 12:47:40'),
(1324, 4, 6, '6003320240724hqW1JeK', 0, NULL, '2', 10, NULL, '2024-07-24 12:47:40', '2024-07-24 12:47:40'),
(1325, 4, 6, '7722720240724J16ugYj', 0, NULL, '2', 10, NULL, '2024-07-24 12:47:40', '2024-07-24 12:47:40'),
(1326, 4, 6, '3975620240724CyvX1Ko', 0, NULL, '2', 10, NULL, '2024-07-24 12:47:40', '2024-07-24 12:47:40'),
(1327, 4, 6, '2537420240724tFkMXbH', 0, NULL, '2', 10, NULL, '2024-07-24 12:47:40', '2024-07-24 12:47:40'),
(1328, 4, 6, '7619620240724HpP2UbJ', 0, NULL, '2', 10, NULL, '2024-07-24 12:47:40', '2024-07-24 12:47:40'),
(1329, 4, 6, '3838120240724s3JhanU', 0, NULL, '2', 10, NULL, '2024-07-24 12:47:40', '2024-07-24 12:47:40'),
(1330, 4, 6, '1048220240724qjmDJo6', 0, NULL, '2', 10, NULL, '2024-07-24 12:47:40', '2024-07-24 12:47:40'),
(1331, 4, 6, '4030520240724tl2y1bN', 0, NULL, '2', 10, NULL, '2024-07-24 12:47:40', '2024-07-24 12:47:40'),
(1332, 4, 6, '7917320240724FdXQeoA', 0, NULL, '2', 10, NULL, '2024-07-24 12:47:40', '2024-07-24 12:47:40'),
(1333, 4, 6, '2410420240724vk45Xe3', 0, NULL, '2', 10, NULL, '2024-07-24 12:47:40', '2024-07-24 12:47:40'),
(1334, 4, 6, '8282820240724TbCwPdV', 0, NULL, '2', 10, NULL, '2024-07-24 12:47:40', '2024-07-24 12:47:40'),
(1335, 4, 6, '1574020240724GVwXd6j', 0, NULL, '2', 10, NULL, '2024-07-24 12:47:40', '2024-07-24 12:47:40'),
(1336, 4, 6, '9026620240724uPG7Dew', 0, NULL, '2', 10, NULL, '2024-07-24 12:47:40', '2024-07-24 12:47:40'),
(1337, 4, 6, '4043920240724ljmhoIU', 0, NULL, '2', 10, NULL, '2024-07-24 12:47:40', '2024-07-24 12:47:40'),
(1338, 4, 6, '6616520240724fcGbszY', 0, NULL, '2', 10, NULL, '2024-07-24 12:47:40', '2024-07-24 12:47:40'),
(1339, 4, 6, '6056020240724P3ZQg8w', 0, NULL, '2', 10, NULL, '2024-07-24 12:47:40', '2024-07-24 12:47:40'),
(1340, 4, 6, '2569920240724QAIzD9c', 0, NULL, '2', 10, NULL, '2024-07-24 12:47:40', '2024-07-24 12:47:40'),
(1341, 4, 6, '5262520240724bViw05W', 0, NULL, '2', 10, NULL, '2024-07-24 12:47:40', '2024-07-24 12:47:40'),
(1342, 4, 6, '53227202407247AfvCSo', 0, NULL, '2', 10, NULL, '2024-07-24 12:47:40', '2024-07-24 12:47:40'),
(1343, 4, 6, '2894202407242c6Gvas', 0, NULL, '2', 10, NULL, '2024-07-24 12:47:40', '2024-07-24 12:47:40'),
(1344, 4, 6, '1520920240724borP67Z', 0, NULL, '2', 10, NULL, '2024-07-24 12:47:40', '2024-07-24 12:47:40'),
(1345, 4, 6, '5670820240724fxN4byG', 0, NULL, '2', 10, NULL, '2024-07-24 12:47:40', '2024-07-24 12:47:40'),
(1346, 4, 6, '43105202407247hpGKOa', 0, NULL, '2', 10, NULL, '2024-07-24 12:47:40', '2024-07-24 12:47:40'),
(1347, 4, 6, '4008320240724l8bLcH3', 0, NULL, '2', 10, NULL, '2024-07-24 12:47:40', '2024-07-24 12:47:40'),
(1348, 4, 6, '90727202407244EFnIJ1', 0, NULL, '2', 10, NULL, '2024-07-24 12:47:40', '2024-07-24 12:47:40'),
(1349, 4, 6, '6344220240724dfjesZo', 0, NULL, '2', 10, NULL, '2024-07-24 12:47:40', '2024-07-24 12:47:40'),
(1350, 4, 6, '2525320240724C6Jr8dc', 0, NULL, '2', 10, NULL, '2024-07-24 12:47:40', '2024-07-24 12:47:40'),
(1351, 4, 6, '30603202407247Q2V0KN', 0, NULL, '2', 10, NULL, '2024-07-24 12:47:40', '2024-07-24 12:47:40'),
(1352, 4, 6, '4887620240724RpvIAcb', 0, NULL, '2', 10, NULL, '2024-07-24 12:47:40', '2024-07-24 12:47:40'),
(1353, 4, 6, '3785820240724InPjB0g', 0, NULL, '2', 10, NULL, '2024-07-24 12:47:40', '2024-07-24 12:47:40'),
(1354, 4, 6, '60420240724jkLbxO3', 0, NULL, '2', 10, NULL, '2024-07-24 12:47:40', '2024-07-24 12:47:40'),
(1355, 4, 6, '7820720240724ASl1TRg', 0, NULL, '2', 10, NULL, '2024-07-24 12:47:41', '2024-07-24 12:47:41'),
(1356, 4, 6, '8677920240724UNjyD3R', 0, NULL, '2', 10, NULL, '2024-07-24 12:47:41', '2024-07-24 12:47:41'),
(1357, 4, 6, '3603520240724sIDZi5v', 0, NULL, '2', 10, NULL, '2024-07-24 12:47:41', '2024-07-24 12:47:41'),
(1358, 4, 6, '4030020240724V2pkiTx', 0, NULL, '2', 10, NULL, '2024-07-24 12:47:41', '2024-07-24 12:47:41'),
(1359, 4, 6, '5362920240724o2e9Tjv', 0, NULL, '2', 10, NULL, '2024-07-24 12:47:41', '2024-07-24 12:47:41'),
(1360, 4, 6, '7170620240724ftpUSDG', 0, NULL, '2', 10, NULL, '2024-07-24 12:47:41', '2024-07-24 12:47:41'),
(1361, 4, 6, '4979520240724OBcZbX2', 0, NULL, '2', 10, NULL, '2024-07-24 12:47:41', '2024-07-24 12:47:41'),
(1362, 4, 6, '6638120240724CqM5ex4', 0, NULL, '2', 10, NULL, '2024-07-24 12:47:41', '2024-07-24 12:47:41'),
(1363, 4, 6, '766220240724XravCP4', 0, NULL, '2', 10, NULL, '2024-07-24 12:47:41', '2024-07-24 12:47:41'),
(1364, 4, 6, '99215202407246xMleV1', 0, NULL, '2', 10, NULL, '2024-07-24 12:47:41', '2024-07-24 12:47:41'),
(1365, 4, 6, '99129202407242n7p3sG', 0, NULL, '2', 10, NULL, '2024-07-24 12:47:42', '2024-07-24 12:47:42'),
(1366, 4, 6, '7405920240724jEegCDv', 0, NULL, '2', 10, NULL, '2024-07-24 12:47:42', '2024-07-24 12:47:42'),
(1367, 4, 6, '8696820240724ihg0A4w', 0, NULL, '2', 10, NULL, '2024-07-24 12:47:42', '2024-07-24 12:47:42'),
(1368, 4, 6, '7234720240724Ikm7yop', 0, NULL, '2', 10, NULL, '2024-07-24 12:47:42', '2024-07-24 12:47:42'),
(1369, 4, 6, '2656420240724PIxXZNY', 0, NULL, '2', 10, NULL, '2024-07-24 12:47:42', '2024-07-24 12:47:42'),
(1370, 4, 6, '26820240724I07Wabc', 0, NULL, '2', 10, NULL, '2024-07-24 12:47:42', '2024-07-24 12:47:42'),
(1371, 4, 6, '91398202407247xTmYds', 0, NULL, '2', 10, NULL, '2024-07-24 12:47:42', '2024-07-24 12:47:42'),
(1372, 4, 6, '70108202407243b5Qz9U', 0, NULL, '2', 10, NULL, '2024-07-24 12:47:42', '2024-07-24 12:47:42'),
(1373, 4, 6, '976020240724y9tTRvd', 0, NULL, '2', 10, NULL, '2024-07-24 12:47:42', '2024-07-24 12:47:42'),
(1374, 4, 6, '8739620240724skpELl6', 0, NULL, '2', 10, NULL, '2024-07-24 12:47:42', '2024-07-24 12:47:42'),
(1375, 4, 6, '7282020240724VgFeZ2z', 0, NULL, '2', 10, NULL, '2024-07-24 12:47:42', '2024-07-24 12:47:42'),
(1376, 4, 6, '8633420240724F3eAWNG', 0, NULL, '2', 10, NULL, '2024-07-24 12:47:42', '2024-07-24 12:47:42'),
(1377, 4, 6, '5735420240724KecDr5w', 0, NULL, '2', 10, NULL, '2024-07-24 12:47:42', '2024-07-24 12:47:42'),
(1378, 4, 6, '3942720240724LO58KUw', 0, NULL, '2', 10, NULL, '2024-07-24 12:47:42', '2024-07-24 12:47:42'),
(1379, 4, 6, '1130120240724GW4vna2', 0, NULL, '2', 10, NULL, '2024-07-24 12:47:42', '2024-07-24 12:47:42'),
(1380, 4, 6, '8726420240724V3LIqlO', 0, NULL, '2', 10, NULL, '2024-07-24 12:47:42', '2024-07-24 12:47:42'),
(1381, 4, 6, '5050620240724Q8CXSqz', 0, NULL, '2', 10, NULL, '2024-07-24 12:47:42', '2024-07-24 12:47:42'),
(1382, 4, 6, '8063420240724erhGkaS', 0, NULL, '2', 10, NULL, '2024-07-24 12:47:42', '2024-07-24 12:47:42'),
(1383, 4, 6, '760942024072445kpMr9', 0, NULL, '2', 10, NULL, '2024-07-24 12:47:42', '2024-07-24 12:47:42'),
(1384, 4, 6, '3092420240724HkcBTye', 0, NULL, '2', 10, NULL, '2024-07-24 12:47:42', '2024-07-24 12:47:42'),
(1385, 4, 6, '6407720240724hA3HrXS', 0, NULL, '2', 10, NULL, '2024-07-24 12:47:42', '2024-07-24 12:47:42'),
(1386, 4, 6, '9350520240724U1L6PzI', 0, NULL, '2', 10, NULL, '2024-07-24 12:47:42', '2024-07-24 12:47:42'),
(1387, 4, 6, '2986120240724Bzi1wN2', 0, NULL, '2', 10, NULL, '2024-07-24 12:47:42', '2024-07-24 12:47:42'),
(1388, 4, 6, '1188820240724pKqaLHs', 0, NULL, '2', 10, NULL, '2024-07-24 12:47:42', '2024-07-24 12:47:42'),
(1389, 4, 6, '9836320240724t8RBIy7', 0, NULL, '2', 10, NULL, '2024-07-24 12:47:42', '2024-07-24 12:47:42'),
(1390, 4, 6, '4674120240724iETZFdh', 0, NULL, '2', 10, NULL, '2024-07-24 12:47:42', '2024-07-24 12:47:42'),
(1391, 4, 6, '9714120240724PGOeuWJ', 0, NULL, '2', 10, NULL, '2024-07-24 12:47:42', '2024-07-24 12:47:42'),
(1392, 4, 6, '2339420240724QzS1dCL', 0, NULL, '2', 10, NULL, '2024-07-24 12:47:42', '2024-07-24 12:47:42'),
(1393, 4, 6, '9989620240724KU4mQfx', 0, NULL, '2', 10, NULL, '2024-07-24 12:47:42', '2024-07-24 12:47:42'),
(1394, 4, 6, '6340920240724F8Peq0Q', 0, NULL, '2', 10, NULL, '2024-07-24 12:47:42', '2024-07-24 12:47:42'),
(1395, 4, 6, '5096820240724IwAQVS1', 0, NULL, '2', 10, NULL, '2024-07-24 12:47:42', '2024-07-24 12:47:42'),
(1396, 4, 6, '2168820240724xP0EYe8', 0, NULL, '2', 10, NULL, '2024-07-24 12:47:42', '2024-07-24 12:47:42'),
(1397, 4, 6, '3674920240724M6fe4Rs', 0, NULL, '2', 10, NULL, '2024-07-24 12:47:42', '2024-07-24 12:47:42'),
(1398, 4, 6, '6322520240724AZy1bV7', 0, NULL, '2', 10, NULL, '2024-07-24 12:47:42', '2024-07-24 12:47:42'),
(1399, 4, 6, '1880820240724GotCSjE', 0, NULL, '2', 10, NULL, '2024-07-24 12:47:42', '2024-07-24 12:47:42'),
(1400, 4, 6, '38164202407241JS6dVs', 0, NULL, '2', 10, NULL, '2024-07-24 12:47:42', '2024-07-24 12:47:42'),
(1401, 4, 6, '8412420240724opahc0m', 0, NULL, '2', 10, NULL, '2024-07-24 12:47:42', '2024-07-24 12:47:42'),
(1402, 4, 6, '3837320240724ea9DiHB', 0, NULL, '2', 10, NULL, '2024-07-24 12:47:42', '2024-07-24 12:47:42'),
(1403, 4, 6, '847120240724Zmbv4Td', 0, NULL, '2', 10, NULL, '2024-07-24 12:47:42', '2024-07-24 12:47:42'),
(1404, 4, 6, '7301220240724YNL3STE', 0, NULL, '2', 10, NULL, '2024-07-24 12:47:42', '2024-07-24 12:47:42'),
(1405, 4, 6, '268420240724XM4znE5', 0, NULL, '2', 10, NULL, '2024-07-24 12:47:42', '2024-07-24 12:47:42'),
(1406, 4, 6, '8358320240724Rh8KOl7', 0, NULL, '2', 10, NULL, '2024-07-24 12:47:42', '2024-07-24 12:47:42'),
(1407, 4, 6, '13251202407246PYGvZB', 0, NULL, '2', 10, NULL, '2024-07-24 12:47:43', '2024-07-24 12:47:43'),
(1408, 4, 6, '5652720240724uQFnRYz', 0, NULL, '2', 10, NULL, '2024-07-24 12:47:43', '2024-07-24 12:47:43'),
(1409, 4, 6, '37351202407241knKjTE', 0, NULL, '2', 10, NULL, '2024-07-24 12:47:43', '2024-07-24 12:47:43'),
(1410, 4, 6, '1157320240724UNrgLsZ', 0, NULL, '2', 10, NULL, '2024-07-24 12:47:43', '2024-07-24 12:47:43'),
(1411, 4, 6, '675220240724Ny6oZdz', 0, NULL, '2', 10, NULL, '2024-07-24 12:47:43', '2024-07-24 12:47:43'),
(1412, 4, 6, '4236620240724LI46Xy9', 0, NULL, '2', 10, NULL, '2024-07-24 12:47:43', '2024-07-24 12:47:43'),
(1413, 4, 6, '246620240724u5XwmsL', 0, NULL, '2', 10, NULL, '2024-07-24 12:47:43', '2024-07-24 12:47:43'),
(1414, 4, 6, '605420240724fEinxq2', 0, NULL, '2', 10, NULL, '2024-07-24 12:47:43', '2024-07-24 12:47:43'),
(1415, 4, 6, '97021202407244EbMAps', 0, NULL, '2', 10, NULL, '2024-07-24 12:47:43', '2024-07-24 12:47:43'),
(1416, 4, 6, '1888620240724ju76ksU', 0, NULL, '2', 10, NULL, '2024-07-24 12:47:43', '2024-07-24 12:47:43'),
(1417, 4, 6, '4033420240724umGPd6p', 0, NULL, '2', 10, NULL, '2024-07-24 12:47:43', '2024-07-24 12:47:43'),
(1418, 4, 6, '2193420240724NEraJVH', 0, NULL, '2', 10, NULL, '2024-07-24 12:47:43', '2024-07-24 12:47:43'),
(1419, 4, 6, '6933620240724krzl90N', 0, NULL, '2', 10, NULL, '2024-07-24 12:47:43', '2024-07-24 12:47:43'),
(1420, 4, 6, '1688120240724LbBN2ed', 0, NULL, '2', 10, NULL, '2024-07-24 12:47:43', '2024-07-24 12:47:43'),
(1421, 4, 6, '45112202407244eV5nXZ', 0, NULL, '2', 10, NULL, '2024-07-24 12:47:43', '2024-07-24 12:47:43'),
(1422, 4, 6, '6077120240724hdflwcs', 0, NULL, '2', 10, NULL, '2024-07-24 12:47:43', '2024-07-24 12:47:43'),
(1423, 4, 6, '5729520240724phUtosA', 0, NULL, '2', 10, NULL, '2024-07-24 12:47:43', '2024-07-24 12:47:43'),
(1424, 4, 6, '3960720240724WBn45we', 0, NULL, '2', 10, NULL, '2024-07-24 12:47:43', '2024-07-24 12:47:43'),
(1425, 4, 6, '2521520240724GFJrZo3', 0, NULL, '2', 10, NULL, '2024-07-24 12:47:43', '2024-07-24 12:47:43'),
(1426, 4, 6, '81702202407249ChU6KD', 0, NULL, '2', 10, NULL, '2024-07-24 12:47:43', '2024-07-24 12:47:43'),
(1427, 4, 6, '49392202407246fJvk29', 0, NULL, '2', 10, NULL, '2024-07-24 12:47:43', '2024-07-24 12:47:43'),
(1428, 4, 6, '5400320240724YgiXaUH', 0, NULL, '2', 10, NULL, '2024-07-24 12:47:43', '2024-07-24 12:47:43'),
(1429, 4, 6, '13995202407240PctlgT', 0, NULL, '2', 10, NULL, '2024-07-24 12:47:43', '2024-07-24 12:47:43'),
(1430, 4, 6, '8459320240724ZdKBjJT', 0, NULL, '2', 10, NULL, '2024-07-24 12:47:43', '2024-07-24 12:47:43'),
(1431, 4, 6, '1458020240724hm54Qfb', 0, NULL, '2', 10, NULL, '2024-07-24 12:47:43', '2024-07-24 12:47:43'),
(1432, 4, 6, '8249920240724GTU4hX8', 0, NULL, '2', 10, NULL, '2024-07-24 12:47:43', '2024-07-24 12:47:43'),
(1433, 4, 6, '3123020240724ELOb0VR', 0, NULL, '2', 10, NULL, '2024-07-24 12:47:43', '2024-07-24 12:47:43'),
(1434, 4, 6, '7798320240724LUhSBXY', 0, NULL, '2', 10, NULL, '2024-07-24 12:47:43', '2024-07-24 12:47:43'),
(1435, 4, 6, '9712620240724XmpHvQg', 0, NULL, '2', 10, NULL, '2024-07-24 12:47:43', '2024-07-24 12:47:43'),
(1436, 4, 6, '3504020240724cXaPYrp', 0, NULL, '2', 10, NULL, '2024-07-24 12:47:43', '2024-07-24 12:47:43'),
(1437, 4, 6, '1635420240724LP80lHi', 0, NULL, '2', 10, NULL, '2024-07-24 12:47:43', '2024-07-24 12:47:43'),
(1438, 4, 6, '2469020240724JKteByh', 0, NULL, '2', 10, NULL, '2024-07-24 12:47:43', '2024-07-24 12:47:43'),
(1439, 4, 6, '6354320240724ILBp1o4', 0, NULL, '2', 10, NULL, '2024-07-24 12:47:43', '2024-07-24 12:47:43'),
(1440, 4, 6, '41076202407247rU3KR9', 0, NULL, '2', 10, NULL, '2024-07-24 12:47:43', '2024-07-24 12:47:43'),
(1441, 4, 6, '9992720240724Yc54QUh', 0, NULL, '2', 10, NULL, '2024-07-24 12:47:43', '2024-07-24 12:47:43'),
(1442, 4, 6, '5317820240724rFuhKvE', 0, NULL, '2', 10, NULL, '2024-07-24 12:47:43', '2024-07-24 12:47:43'),
(1443, 4, 6, '61223202407246CTMtDH', 0, NULL, '2', 10, NULL, '2024-07-24 12:47:43', '2024-07-24 12:47:43'),
(1444, 4, 6, '66786202407242Su9imZ', 0, NULL, '2', 10, NULL, '2024-07-24 12:47:43', '2024-07-24 12:47:43'),
(1445, 4, 6, '7243720240724FrCcyqs', 0, NULL, '2', 10, NULL, '2024-07-24 12:47:43', '2024-07-24 12:47:43'),
(1446, 4, 6, '6171320240724gABCbPe', 0, NULL, '2', 10, NULL, '2024-07-24 12:47:43', '2024-07-24 12:47:43'),
(1447, 4, 6, '1404620240724b8mRLKv', 0, NULL, '2', 10, NULL, '2024-07-24 12:47:43', '2024-07-24 12:47:43'),
(1448, 4, 6, '5067920240724VJulF9Z', 0, NULL, '2', 10, NULL, '2024-07-24 12:47:43', '2024-07-24 12:47:43'),
(1449, 4, 6, '5183620240724bdcwk0v', 0, NULL, '2', 10, NULL, '2024-07-24 12:47:43', '2024-07-24 12:47:43'),
(1450, 4, 6, '28027202407242gZLy0R', 0, NULL, '2', 10, NULL, '2024-07-24 12:47:43', '2024-07-24 12:47:43'),
(1451, 4, 6, '85783202407246g52tMb', 0, NULL, '2', 10, NULL, '2024-07-24 12:47:43', '2024-07-24 12:47:43'),
(1452, 4, 6, '91414202407246S4O0sQ', 0, NULL, '2', 10, NULL, '2024-07-24 12:47:43', '2024-07-24 12:47:43'),
(1453, 4, 6, '8620020240724M2uk7Y1', 0, NULL, '2', 10, NULL, '2024-07-24 12:47:43', '2024-07-24 12:47:43'),
(1454, 4, 6, '7595820240724aCKbVr4', 0, NULL, '2', 10, NULL, '2024-07-24 12:47:43', '2024-07-24 12:47:43'),
(1455, 4, 6, '4102120240724goA6lea', 0, NULL, '2', 10, NULL, '2024-07-24 12:47:43', '2024-07-24 12:47:43'),
(1456, 4, 6, '4533820240724Eta2Ckb', 0, NULL, '2', 10, NULL, '2024-07-24 12:47:43', '2024-07-24 12:47:43'),
(1457, 4, 6, '5437520240724ib2RSfT', 0, NULL, '2', 10, NULL, '2024-07-24 12:47:43', '2024-07-24 12:47:43'),
(1458, 4, 6, '40773202407244PUiLNE', 0, NULL, '2', 10, NULL, '2024-07-24 12:47:43', '2024-07-24 12:47:43'),
(1459, 4, 6, '8889320240724MqG63nF', 0, NULL, '2', 10, NULL, '2024-07-24 12:47:43', '2024-07-24 12:47:43'),
(1460, 4, 6, '1356520240724NIh3HWa', 0, NULL, '2', 10, NULL, '2024-07-24 12:47:43', '2024-07-24 12:47:43'),
(1461, 4, 6, '1965120240724E0Gg5vZ', 0, NULL, '2', 10, NULL, '2024-07-24 12:47:43', '2024-07-24 12:47:43'),
(1462, 4, 6, '174420240724TB42pOc', 0, NULL, '2', 10, NULL, '2024-07-24 12:47:43', '2024-07-24 12:47:43'),
(1463, 4, 6, '5508120240724w8GV9Mu', 0, NULL, '2', 10, NULL, '2024-07-24 12:47:43', '2024-07-24 12:47:43'),
(1464, 4, 6, '4301520240724yV0ehDR', 0, NULL, '2', 10, NULL, '2024-07-24 12:47:43', '2024-07-24 12:47:43'),
(1465, 4, 6, '3998720240724vqi6fPn', 0, NULL, '2', 10, NULL, '2024-07-24 12:47:43', '2024-07-24 12:47:43'),
(1466, 4, 6, '947520240724YBU0uoS', 0, NULL, '2', 10, NULL, '2024-07-24 12:47:43', '2024-07-24 12:47:43'),
(1467, 4, 6, '8224720240724KBT9RQq', 0, NULL, '2', 10, NULL, '2024-07-24 12:47:43', '2024-07-24 12:47:43'),
(1468, 4, 6, '7267320240724FrJ3bjV', 0, NULL, '2', 10, NULL, '2024-07-24 12:47:43', '2024-07-24 12:47:43'),
(1469, 4, 6, '9846820240724129jtAN', 0, NULL, '2', 10, NULL, '2024-07-24 12:47:43', '2024-07-24 12:47:43'),
(1470, 4, 6, '56049202407245TKlV1d', 0, NULL, '2', 10, NULL, '2024-07-24 12:47:43', '2024-07-24 12:47:43'),
(1471, 4, 6, '5252420240724oIkXvQw', 0, NULL, '2', 10, NULL, '2024-07-24 12:47:43', '2024-07-24 12:47:43'),
(1472, 4, 6, '95236202407244L1xzJe', 0, NULL, '2', 10, NULL, '2024-07-24 12:47:43', '2024-07-24 12:47:43'),
(1473, 4, 6, '7272920240724rn5aVlD', 0, NULL, '2', 10, NULL, '2024-07-24 12:47:43', '2024-07-24 12:47:43'),
(1474, 4, 6, '969320240724lykPTEN', 0, NULL, '2', 10, NULL, '2024-07-24 12:47:43', '2024-07-24 12:47:43'),
(1475, 4, 6, '22645202407240AJBTsK', 0, NULL, '2', 10, NULL, '2024-07-24 12:47:43', '2024-07-24 12:47:43'),
(1476, 4, 6, '2221520240724PuQXhYE', 0, NULL, '2', 10, NULL, '2024-07-24 12:47:43', '2024-07-24 12:47:43'),
(1477, 4, 6, '6015220240724S1NfjLB', 0, NULL, '2', 10, NULL, '2024-07-24 12:47:43', '2024-07-24 12:47:43'),
(1478, 4, 6, '6308320240724m9qNRTd', 0, NULL, '2', 10, NULL, '2024-07-24 12:47:43', '2024-07-24 12:47:43'),
(1479, 4, 6, '8815420240724iskxYhp', 0, NULL, '2', 10, NULL, '2024-07-24 12:47:43', '2024-07-24 12:47:43'),
(1480, 4, 6, '1981820240724ZwYstLx', 0, NULL, '2', 10, NULL, '2024-07-24 12:47:43', '2024-07-24 12:47:43'),
(1481, 4, 6, '4582220240724iJDGaHI', 0, NULL, '2', 10, NULL, '2024-07-24 12:47:43', '2024-07-24 12:47:43'),
(1482, 4, 6, '6142820240724MZVREF0', 0, NULL, '2', 10, NULL, '2024-07-24 12:47:43', '2024-07-24 12:47:43'),
(1483, 4, 6, '1286320240724EzGAO03', 0, NULL, '2', 10, NULL, '2024-07-24 12:47:43', '2024-07-24 12:47:43'),
(1484, 4, 6, '5781120240724hpZPdli', 0, NULL, '2', 10, NULL, '2024-07-24 12:47:43', '2024-07-24 12:47:43'),
(1485, 4, 6, '3832720240724baeS67G', 0, NULL, '2', 10, NULL, '2024-07-24 12:47:43', '2024-07-24 12:47:43'),
(1486, 4, 6, '5152120240724kLgsMRa', 0, NULL, '2', 10, NULL, '2024-07-24 12:47:43', '2024-07-24 12:47:43');
INSERT INTO `voucher_generateds` (`id`, `user_id`, `campaign_managed_id`, `code`, `status`, `receipt_no`, `points`, `amount`, `phone`, `created_at`, `updated_at`) VALUES
(1487, 4, 6, '1164420240724kBVOFfb', 0, NULL, '2', 10, NULL, '2024-07-24 12:47:43', '2024-07-24 12:47:43'),
(1488, 4, 6, '5092720240724D0KAi52', 0, NULL, '2', 10, NULL, '2024-07-24 12:47:43', '2024-07-24 12:47:43'),
(1489, 4, 6, '8687020240724MovUGrJ', 0, NULL, '2', 10, NULL, '2024-07-24 12:47:43', '2024-07-24 12:47:43'),
(1490, 4, 6, '3591720240724SVuOKkg', 0, NULL, '2', 10, NULL, '2024-07-24 12:47:43', '2024-07-24 12:47:43'),
(1491, 4, 6, '5427020240724WK87VY3', 0, NULL, '2', 10, NULL, '2024-07-24 12:47:43', '2024-07-24 12:47:43'),
(1492, 4, 6, '3059720240724em0A36W', 0, NULL, '2', 10, NULL, '2024-07-24 12:47:43', '2024-07-24 12:47:43'),
(1493, 4, 6, '594920240724yBrxqAl', 0, NULL, '2', 10, NULL, '2024-07-24 12:47:43', '2024-07-24 12:47:43'),
(1494, 4, 6, '7816220240724B0m512G', 0, NULL, '2', 10, NULL, '2024-07-24 12:47:43', '2024-07-24 12:47:43'),
(1495, 4, 6, '9574720240724dZmcLOy', 0, NULL, '2', 10, NULL, '2024-07-24 12:47:43', '2024-07-24 12:47:43'),
(1496, 4, 6, '63565202407247FmQXq3', 0, NULL, '2', 10, NULL, '2024-07-24 12:47:43', '2024-07-24 12:47:43'),
(1497, 4, 6, '8772120240724pErbnhZ', 0, NULL, '2', 10, NULL, '2024-07-24 12:47:43', '2024-07-24 12:47:43'),
(1498, 4, 6, '6241202407249z1vbJf', 0, NULL, '2', 10, NULL, '2024-07-24 12:47:43', '2024-07-24 12:47:43'),
(1499, 4, 6, '5367920240724Fe1GMVu', 0, NULL, '2', 10, NULL, '2024-07-24 12:47:43', '2024-07-24 12:47:43'),
(1500, 4, 6, '63923202407247qQc4y6', 0, NULL, '2', 10, NULL, '2024-07-24 12:47:43', '2024-07-24 12:47:43'),
(1501, 4, 6, '2076120240724qdirhlQ', 0, NULL, '2', 10, NULL, '2024-07-24 12:47:43', '2024-07-24 12:47:43'),
(1502, 4, 6, '6198020240724xlUrdPT', 0, NULL, '2', 10, NULL, '2024-07-24 12:47:43', '2024-07-24 12:47:43'),
(1503, 4, 6, '792820240724DugpXGK', 0, NULL, '2', 10, NULL, '2024-07-24 12:47:43', '2024-07-24 12:47:43'),
(1504, 4, 6, '5951120240724UjRhGmE', 0, NULL, '2', 10, NULL, '2024-07-24 12:47:43', '2024-07-24 12:47:43'),
(1505, 4, 6, '2169202407248rd7HgR', 0, NULL, '2', 10, NULL, '2024-07-24 12:47:43', '2024-07-24 12:47:43'),
(1506, 4, 6, '8526620240724GkdOnC6', 0, NULL, '2', 10, NULL, '2024-07-24 12:47:43', '2024-07-24 12:47:43'),
(1507, 4, 6, '22696202407244aKzPe5', 0, NULL, '2', 10, NULL, '2024-07-24 12:47:43', '2024-07-24 12:47:43'),
(1508, 4, 6, '9854620240724hrscKy9', 0, NULL, '2', 10, NULL, '2024-07-24 12:47:43', '2024-07-24 12:47:43'),
(1509, 4, 6, '9094920240724E4PfUWy', 0, NULL, '2', 10, NULL, '2024-07-24 12:47:43', '2024-07-24 12:47:43'),
(1510, 4, 6, '31134202407245zVgrwF', 0, NULL, '2', 10, NULL, '2024-07-24 12:47:43', '2024-07-24 12:47:43'),
(1511, 4, 6, '45397202407243QgINHS', 0, NULL, '2', 10, NULL, '2024-07-24 12:47:43', '2024-07-24 12:47:43'),
(1512, 4, 6, '4887720240724xPMgkbQ', 0, NULL, '2', 10, NULL, '2024-07-24 12:47:43', '2024-07-24 12:47:43'),
(1513, 4, 6, '9121420240724uo1ASRI', 0, NULL, '2', 10, NULL, '2024-07-24 12:47:43', '2024-07-24 12:47:43'),
(1514, 4, 6, '5854820240724mzZtrSM', 0, NULL, '2', 10, NULL, '2024-07-24 12:47:43', '2024-07-24 12:47:43'),
(1515, 4, 6, '3828520240724xhvMk2p', 0, NULL, '2', 10, NULL, '2024-07-24 12:47:43', '2024-07-24 12:47:43'),
(1516, 4, 6, '9380420240724K9kMhw5', 0, NULL, '2', 10, NULL, '2024-07-24 12:47:43', '2024-07-24 12:47:43'),
(1517, 4, 6, '96414202407249flaoHR', 0, NULL, '2', 10, NULL, '2024-07-24 12:47:43', '2024-07-24 12:47:43'),
(1518, 4, 6, '2343020240724Ptk4MGp', 0, NULL, '2', 10, NULL, '2024-07-24 12:47:43', '2024-07-24 12:47:43'),
(1519, 4, 6, '4373620240724fLBPHFN', 0, NULL, '2', 10, NULL, '2024-07-24 12:47:43', '2024-07-24 12:47:43'),
(1520, 4, 6, '2929720240724sMNVGph', 0, NULL, '2', 10, NULL, '2024-07-24 12:47:43', '2024-07-24 12:47:43'),
(1521, 4, 6, '4096020240724inU8DOW', 0, NULL, '2', 10, NULL, '2024-07-24 12:47:43', '2024-07-24 12:47:43'),
(1522, 4, 6, '1136820240724TL7APHw', 0, NULL, '2', 10, NULL, '2024-07-24 12:47:43', '2024-07-24 12:47:43'),
(1523, 4, 6, '5204820240724ktNp8iJ', 0, NULL, '2', 10, NULL, '2024-07-24 12:47:43', '2024-07-24 12:47:43'),
(1524, 4, 6, '5469020240724tPi04No', 0, NULL, '2', 10, NULL, '2024-07-24 12:47:43', '2024-07-24 12:47:43'),
(1525, 4, 6, '72319202407247VmDIqB', 0, NULL, '2', 10, NULL, '2024-07-24 12:47:43', '2024-07-24 12:47:43'),
(1526, 4, 6, '731132024072421iKGUN', 0, NULL, '2', 10, NULL, '2024-07-24 12:47:43', '2024-07-24 12:47:43'),
(1527, 4, 6, '2545220240724mpeG3YQ', 0, NULL, '2', 10, NULL, '2024-07-24 12:47:43', '2024-07-24 12:47:43'),
(1528, 4, 6, '7540720240724yqKS1Uu', 0, NULL, '2', 10, NULL, '2024-07-24 12:47:43', '2024-07-24 12:47:43'),
(1529, 4, 6, '6502820240724G9sA3py', 0, NULL, '2', 10, NULL, '2024-07-24 12:47:43', '2024-07-24 12:47:43'),
(1530, 4, 6, '4624920240724q4pXJyI', 0, NULL, '2', 10, NULL, '2024-07-24 12:47:43', '2024-07-24 12:47:43'),
(1531, 4, 6, '579852024072472PzLFm', 0, NULL, '2', 10, NULL, '2024-07-24 12:47:43', '2024-07-24 12:47:43'),
(1532, 4, 6, '3960120240724BRVQsu7', 0, NULL, '2', 10, NULL, '2024-07-24 12:47:43', '2024-07-24 12:47:43'),
(1533, 4, 6, '6366920240724x2E5vml', 0, NULL, '2', 10, NULL, '2024-07-24 12:47:43', '2024-07-24 12:47:43'),
(1534, 4, 6, '39201202407244MNtVOc', 0, NULL, '2', 10, NULL, '2024-07-24 12:47:43', '2024-07-24 12:47:43'),
(1535, 4, 6, '6859220240724eOr6Kks', 0, NULL, '2', 10, NULL, '2024-07-24 12:47:43', '2024-07-24 12:47:43'),
(1536, 4, 6, '9612920240724YrU6MJR', 0, NULL, '2', 10, NULL, '2024-07-24 12:47:43', '2024-07-24 12:47:43'),
(1537, 4, 6, '6218520240724Sjf0FAq', 0, NULL, '2', 10, NULL, '2024-07-24 12:47:43', '2024-07-24 12:47:43'),
(1538, 4, 6, '3145420240724nA3iZWl', 0, NULL, '2', 10, NULL, '2024-07-24 12:47:43', '2024-07-24 12:47:43'),
(1539, 4, 6, '2325120240724EoBlAV8', 0, NULL, '2', 10, NULL, '2024-07-24 12:47:43', '2024-07-24 12:47:43'),
(1540, 4, 6, '7294920240724asx6y08', 0, NULL, '2', 10, NULL, '2024-07-24 12:47:43', '2024-07-24 12:47:43'),
(1541, 4, 6, '20670202407240mAu2bO', 0, NULL, '2', 10, NULL, '2024-07-24 12:47:43', '2024-07-24 12:47:43'),
(1542, 4, 6, '4083120240724ZS5qtbd', 0, NULL, '2', 10, NULL, '2024-07-24 12:47:43', '2024-07-24 12:47:43'),
(1543, 4, 6, '8192720240724zL9et3N', 0, NULL, '2', 10, NULL, '2024-07-24 12:47:43', '2024-07-24 12:47:43'),
(1544, 4, 6, '2680520240724Ku1O4Lh', 0, NULL, '2', 10, NULL, '2024-07-24 12:47:43', '2024-07-24 12:47:43'),
(1545, 4, 6, '7002220240724a5sqZzt', 0, NULL, '2', 10, NULL, '2024-07-24 12:47:43', '2024-07-24 12:47:43'),
(1546, 4, 6, '51387202407248bUd3sK', 0, NULL, '2', 10, NULL, '2024-07-24 12:47:43', '2024-07-24 12:47:43'),
(1547, 4, 6, '2138020240724JnZT6WI', 0, NULL, '2', 10, NULL, '2024-07-24 12:47:43', '2024-07-24 12:47:43'),
(1548, 4, 6, '3223320240724S4mCR23', 0, NULL, '2', 10, NULL, '2024-07-24 12:47:43', '2024-07-24 12:47:43'),
(1549, 4, 6, '2257820240724VAbm8iv', 0, NULL, '2', 10, NULL, '2024-07-24 12:47:43', '2024-07-24 12:47:43'),
(1550, 4, 6, '5005420240724VXbE3dc', 0, NULL, '2', 10, NULL, '2024-07-24 12:47:43', '2024-07-24 12:47:43'),
(1551, 4, 6, '99958202407242EwnF1t', 0, NULL, '2', 10, NULL, '2024-07-24 12:47:43', '2024-07-24 12:47:43'),
(1552, 4, 6, '1431720240724IBpurxQ', 0, NULL, '2', 10, NULL, '2024-07-24 12:47:43', '2024-07-24 12:47:43'),
(1553, 4, 6, '35576202407246cLMuHx', 0, NULL, '2', 10, NULL, '2024-07-24 12:47:43', '2024-07-24 12:47:43'),
(1554, 4, 6, '1701620240724FLKI85b', 0, NULL, '2', 10, NULL, '2024-07-24 12:47:43', '2024-07-24 12:47:43'),
(1555, 4, 6, '9771720240724wz7fSev', 0, NULL, '2', 10, NULL, '2024-07-24 12:47:43', '2024-07-24 12:47:43'),
(1556, 4, 6, '5208520240724byV1aoh', 0, NULL, '2', 10, NULL, '2024-07-24 12:47:43', '2024-07-24 12:47:43'),
(1557, 4, 6, '9869720240724nrhgdkw', 0, NULL, '2', 10, NULL, '2024-07-24 12:47:43', '2024-07-24 12:47:43'),
(1558, 4, 6, '4508520240724t6CRUdE', 0, NULL, '2', 10, NULL, '2024-07-24 12:47:43', '2024-07-24 12:47:43'),
(1559, 4, 6, '8720720240724IFBozb8', 0, NULL, '2', 10, NULL, '2024-07-24 12:47:43', '2024-07-24 12:47:43'),
(1560, 4, 6, '8730720240724QMAd9pn', 0, NULL, '2', 10, NULL, '2024-07-24 12:47:43', '2024-07-24 12:47:43'),
(1561, 4, 6, '3440820240724OtBW7CR', 0, NULL, '2', 10, NULL, '2024-07-24 12:47:43', '2024-07-24 12:47:43'),
(1562, 4, 6, '1096420240724vgUyuIJ', 0, NULL, '2', 10, NULL, '2024-07-24 12:47:43', '2024-07-24 12:47:43'),
(1563, 4, 6, '8237320240724QUrxioF', 0, NULL, '2', 10, NULL, '2024-07-24 12:47:43', '2024-07-24 12:47:43'),
(1564, 4, 6, '87889202407242fB8VdR', 0, NULL, '2', 10, NULL, '2024-07-24 12:47:43', '2024-07-24 12:47:43'),
(1565, 4, 6, '4400420240724JVlov6t', 0, NULL, '2', 10, NULL, '2024-07-24 12:47:43', '2024-07-24 12:47:43'),
(1566, 4, 6, '7652220240724z5nd0RT', 0, NULL, '2', 10, NULL, '2024-07-24 12:47:43', '2024-07-24 12:47:43'),
(1567, 4, 6, '9428920240724D6oV19F', 0, NULL, '2', 10, NULL, '2024-07-24 12:47:43', '2024-07-24 12:47:43'),
(1568, 4, 6, '8093020240724rEFc5PX', 0, NULL, '2', 10, NULL, '2024-07-24 12:47:43', '2024-07-24 12:47:43'),
(1569, 4, 6, '3667520240724s1YFVgJ', 0, NULL, '2', 10, NULL, '2024-07-24 12:47:43', '2024-07-24 12:47:43'),
(1570, 4, 6, '2288320240724X2JGNr9', 0, NULL, '2', 10, NULL, '2024-07-24 12:47:43', '2024-07-24 12:47:43'),
(1571, 4, 6, '8969420240724YlSd3Gi', 0, NULL, '2', 10, NULL, '2024-07-24 12:47:43', '2024-07-24 12:47:43'),
(1572, 4, 6, '7648920240724RDaQu2J', 0, NULL, '2', 10, NULL, '2024-07-24 12:47:43', '2024-07-24 12:47:43'),
(1573, 4, 6, '54852202407244vJHToZ', 0, NULL, '2', 10, NULL, '2024-07-24 12:47:43', '2024-07-24 12:47:43'),
(1574, 4, 6, '2677520240724h0qyK7I', 0, NULL, '2', 10, NULL, '2024-07-24 12:47:43', '2024-07-24 12:47:43'),
(1575, 4, 6, '3233920240724dv7sK0z', 0, NULL, '2', 10, NULL, '2024-07-24 12:47:43', '2024-07-24 12:47:43'),
(1576, 4, 6, '1179920240724SQogX1y', 0, NULL, '2', 10, NULL, '2024-07-24 12:47:43', '2024-07-24 12:47:43'),
(1577, 4, 6, '2622320240724Q69vgSk', 0, NULL, '2', 10, NULL, '2024-07-24 12:47:43', '2024-07-24 12:47:43'),
(1578, 4, 6, '1562620240724L7weYJr', 0, NULL, '2', 10, NULL, '2024-07-24 12:47:43', '2024-07-24 12:47:43'),
(1579, 4, 6, '281920240724OzvuTki', 0, NULL, '2', 10, NULL, '2024-07-24 12:47:43', '2024-07-24 12:47:43'),
(1580, 4, 6, '9546520240724CPxe5TL', 0, NULL, '2', 10, NULL, '2024-07-24 12:47:43', '2024-07-24 12:47:43'),
(1581, 4, 6, '1630920240724Ihq5omz', 0, NULL, '2', 10, NULL, '2024-07-24 12:47:43', '2024-07-24 12:47:43'),
(1582, 4, 6, '7638620240724xJjFVzO', 0, NULL, '2', 10, NULL, '2024-07-24 12:47:43', '2024-07-24 12:47:43'),
(1583, 4, 6, '7464620240724zoKFjQ8', 0, NULL, '2', 10, NULL, '2024-07-24 12:47:43', '2024-07-24 12:47:43'),
(1584, 4, 6, '7550920240724O3gwJh8', 0, NULL, '2', 10, NULL, '2024-07-24 12:47:43', '2024-07-24 12:47:43'),
(1585, 4, 6, '8422720240724x2Czybi', 0, NULL, '2', 10, NULL, '2024-07-24 12:47:43', '2024-07-24 12:47:43'),
(1586, 4, 6, '1444920240724voq1haX', 0, NULL, '2', 10, NULL, '2024-07-24 12:47:43', '2024-07-24 12:47:43'),
(1587, 4, 6, '4522520240724tXizyoF', 0, NULL, '2', 10, NULL, '2024-07-24 12:47:43', '2024-07-24 12:47:43'),
(1588, 4, 6, '8635820240724OV8HoaM', 0, NULL, '2', 10, NULL, '2024-07-24 12:47:43', '2024-07-24 12:47:43'),
(1589, 4, 6, '5049720240724NhQEnxS', 0, NULL, '2', 10, NULL, '2024-07-24 12:47:43', '2024-07-24 12:47:43'),
(1590, 4, 6, '8311120240724R5krMLe', 0, NULL, '2', 10, NULL, '2024-07-24 12:47:43', '2024-07-24 12:47:43'),
(1591, 4, 6, '8884820240724Bor9SOY', 0, NULL, '2', 10, NULL, '2024-07-24 12:47:43', '2024-07-24 12:47:43'),
(1592, 4, 6, '5717920240724RtVBNaY', 0, NULL, '2', 10, NULL, '2024-07-24 12:47:43', '2024-07-24 12:47:43'),
(1593, 4, 6, '9877220240724yX5GRS6', 0, NULL, '2', 10, NULL, '2024-07-24 12:47:43', '2024-07-24 12:47:43'),
(1594, 4, 6, '4830120240724t9wvXIa', 0, NULL, '2', 10, NULL, '2024-07-24 12:47:43', '2024-07-24 12:47:43'),
(1595, 4, 6, '994020240724fNM48Wl', 0, NULL, '2', 10, NULL, '2024-07-24 12:47:43', '2024-07-24 12:47:43'),
(1596, 4, 6, '9409720240724ftZzOo0', 0, NULL, '2', 10, NULL, '2024-07-24 12:47:43', '2024-07-24 12:47:43'),
(1597, 4, 6, '1951320240724KeHCRI2', 0, NULL, '2', 10, NULL, '2024-07-24 12:47:43', '2024-07-24 12:47:43'),
(1598, 4, 6, '7322420240724crsH3l5', 0, NULL, '2', 10, NULL, '2024-07-24 12:47:43', '2024-07-24 12:47:43'),
(1599, 4, 6, '46920240724HTg6JaV', 0, NULL, '2', 10, NULL, '2024-07-24 12:47:43', '2024-07-24 12:47:43'),
(1600, 4, 6, '300202024072428yeXMO', 0, NULL, '2', 10, NULL, '2024-07-24 12:47:43', '2024-07-24 12:47:43'),
(1601, 4, 6, '8882720240724cC0sjqb', 0, NULL, '2', 10, NULL, '2024-07-24 12:47:43', '2024-07-24 12:47:43'),
(1602, 4, 6, '3854820240724w6y423g', 0, NULL, '2', 10, NULL, '2024-07-24 12:47:43', '2024-07-24 12:47:43'),
(1603, 4, 6, '1059820240724UNALOjs', 0, NULL, '2', 10, NULL, '2024-07-24 12:47:43', '2024-07-24 12:47:43'),
(1604, 4, 6, '48479202407248R2B7jd', 0, NULL, '2', 10, NULL, '2024-07-24 12:47:43', '2024-07-24 12:47:43'),
(1605, 4, 6, '7923320240724N7Zxa8K', 0, NULL, '2', 10, NULL, '2024-07-24 12:47:43', '2024-07-24 12:47:43'),
(1606, 4, 6, '3661720240724JQqDah0', 0, NULL, '2', 10, NULL, '2024-07-24 12:47:43', '2024-07-24 12:47:43'),
(1607, 4, 6, '8564920240724ljNHtJB', 0, NULL, '2', 10, NULL, '2024-07-24 12:47:43', '2024-07-24 12:47:43'),
(1608, 4, 6, '68702202407244XGRDt8', 0, NULL, '2', 10, NULL, '2024-07-24 12:47:43', '2024-07-24 12:47:43'),
(1609, 4, 6, '6016120240724lVuX3Bs', 0, NULL, '2', 10, NULL, '2024-07-24 12:47:43', '2024-07-24 12:47:43'),
(1610, 4, 6, '697420240724utpfnV4', 0, NULL, '2', 10, NULL, '2024-07-24 12:47:43', '2024-07-24 12:47:43'),
(1611, 4, 6, '3619420240724Twc34iE', 0, NULL, '2', 10, NULL, '2024-07-24 12:47:43', '2024-07-24 12:47:43'),
(1612, 4, 6, '30900202407242IpSAfG', 0, NULL, '2', 10, NULL, '2024-07-24 12:47:43', '2024-07-24 12:47:43'),
(1613, 4, 6, '5351020240724zustaBC', 0, NULL, '2', 10, NULL, '2024-07-24 12:47:43', '2024-07-24 12:47:43'),
(1614, 4, 6, '93012202407248riKaEd', 0, NULL, '2', 10, NULL, '2024-07-24 12:47:43', '2024-07-24 12:47:43'),
(1615, 4, 6, '8529020240724ADm4cUX', 0, NULL, '2', 10, NULL, '2024-07-24 12:47:43', '2024-07-24 12:47:43'),
(1616, 4, 6, '49738202407244f1bwu3', 0, NULL, '2', 10, NULL, '2024-07-24 12:47:43', '2024-07-24 12:47:43'),
(1617, 4, 6, '5079220240724SWbP4Up', 0, NULL, '2', 10, NULL, '2024-07-24 12:47:43', '2024-07-24 12:47:43'),
(1618, 4, 6, '7625020240724lYjhco5', 0, NULL, '2', 10, NULL, '2024-07-24 12:47:43', '2024-07-24 12:47:43'),
(1619, 4, 6, '1617120240724CdHAQYq', 0, NULL, '2', 10, NULL, '2024-07-24 12:47:43', '2024-07-24 12:47:43'),
(1620, 4, 6, '1633720240724DwPYCqm', 0, NULL, '2', 10, NULL, '2024-07-24 12:47:43', '2024-07-24 12:47:43'),
(1621, 4, 6, '247320240724BH32GeA', 0, NULL, '2', 10, NULL, '2024-07-24 12:47:43', '2024-07-24 12:47:43'),
(1622, 4, 6, '67143202407242PvIRa0', 0, NULL, '2', 10, NULL, '2024-07-24 12:47:43', '2024-07-24 12:47:43'),
(1623, 4, 6, '5722320240724drRn7gT', 0, NULL, '2', 10, NULL, '2024-07-24 12:47:43', '2024-07-24 12:47:43'),
(1624, 4, 6, '9798120240724nTzO7a0', 0, NULL, '2', 10, NULL, '2024-07-24 12:47:43', '2024-07-24 12:47:43'),
(1625, 4, 6, '5578420240724w9Nr2zP', 0, NULL, '2', 10, NULL, '2024-07-24 12:47:43', '2024-07-24 12:47:43'),
(1626, 4, 6, '9653420240724uBGvEUN', 0, NULL, '2', 10, NULL, '2024-07-24 12:47:43', '2024-07-24 12:47:43'),
(1627, 4, 6, '4302420240724w6EdgoI', 0, NULL, '2', 10, NULL, '2024-07-24 12:47:43', '2024-07-24 12:47:43'),
(1628, 4, 6, '5634120240724RVSiIYz', 0, NULL, '2', 10, NULL, '2024-07-24 12:47:43', '2024-07-24 12:47:43'),
(1629, 4, 6, '95219202407241SZI0GP', 0, NULL, '2', 10, NULL, '2024-07-24 12:47:43', '2024-07-24 12:47:43'),
(1630, 4, 6, '2988120240724M1NxV7I', 0, NULL, '2', 10, NULL, '2024-07-24 12:47:43', '2024-07-24 12:47:43'),
(1631, 4, 6, '1173620240724dXqnOvK', 0, NULL, '2', 10, NULL, '2024-07-24 12:47:43', '2024-07-24 12:47:43'),
(1632, 4, 6, '4541220240724DEwmdvV', 0, NULL, '2', 10, NULL, '2024-07-24 12:47:43', '2024-07-24 12:47:43'),
(1633, 4, 6, '36670202407249rpbh7c', 0, NULL, '2', 10, NULL, '2024-07-24 12:47:43', '2024-07-24 12:47:43'),
(1634, 4, 6, '3249020240724bXOc5zw', 0, NULL, '2', 10, NULL, '2024-07-24 12:47:43', '2024-07-24 12:47:43'),
(1635, 4, 6, '7388320240724U3or95L', 0, NULL, '2', 10, NULL, '2024-07-24 12:47:43', '2024-07-24 12:47:43'),
(1636, 4, 6, '5824620240724FdUl40W', 0, NULL, '2', 10, NULL, '2024-07-24 12:47:43', '2024-07-24 12:47:43'),
(1637, 4, 6, '7964220240724PjtC2I6', 0, NULL, '2', 10, NULL, '2024-07-24 12:47:43', '2024-07-24 12:47:43'),
(1638, 4, 6, '841320240724QG5k1fr', 0, NULL, '2', 10, NULL, '2024-07-24 12:47:43', '2024-07-24 12:47:43'),
(1639, 4, 6, '407320240724BdG8Tig', 0, NULL, '2', 10, NULL, '2024-07-24 12:47:43', '2024-07-24 12:47:43'),
(1640, 4, 6, '9229220240724TiXQcNB', 0, NULL, '2', 10, NULL, '2024-07-24 12:47:43', '2024-07-24 12:47:43'),
(1641, 4, 6, '3613720240724RFAvby9', 0, NULL, '2', 10, NULL, '2024-07-24 12:47:43', '2024-07-24 12:47:43'),
(1642, 4, 6, '6167720240724gYh8tLM', 0, NULL, '2', 10, NULL, '2024-07-24 12:47:43', '2024-07-24 12:47:43'),
(1643, 4, 6, '7777220240724ikKTPJM', 0, NULL, '2', 10, NULL, '2024-07-24 12:47:43', '2024-07-24 12:47:43'),
(1644, 4, 6, '1199620240724s8b2ukl', 0, NULL, '2', 10, NULL, '2024-07-24 12:47:43', '2024-07-24 12:47:43'),
(1645, 4, 6, '95761202407243wz2SkO', 0, NULL, '2', 10, NULL, '2024-07-24 12:47:43', '2024-07-24 12:47:43'),
(1646, 4, 6, '1432920240724IFcQnL7', 0, NULL, '2', 10, NULL, '2024-07-24 12:47:43', '2024-07-24 12:47:43'),
(1647, 4, 6, '3035020240724thEi2jF', 0, NULL, '2', 10, NULL, '2024-07-24 12:47:43', '2024-07-24 12:47:43'),
(1648, 4, 6, '7685720240724OkAstFV', 0, NULL, '2', 10, NULL, '2024-07-24 12:47:43', '2024-07-24 12:47:43'),
(1649, 4, 6, '6723720240724KwpfY8F', 0, NULL, '2', 10, NULL, '2024-07-24 12:47:43', '2024-07-24 12:47:43'),
(1650, 4, 6, '9352820240724r4sMtTR', 0, NULL, '2', 10, NULL, '2024-07-24 12:47:43', '2024-07-24 12:47:43'),
(1651, 4, 6, '892420240724R52HtUc', 0, NULL, '2', 10, NULL, '2024-07-24 12:47:43', '2024-07-24 12:47:43'),
(1652, 4, 6, '57241202407244RQPcxV', 0, NULL, '2', 10, NULL, '2024-07-24 12:47:43', '2024-07-24 12:47:43'),
(1653, 4, 6, '249320240724jJrHqM7', 0, NULL, '2', 10, NULL, '2024-07-24 12:47:43', '2024-07-24 12:47:43'),
(1654, 4, 6, '4342120240724jbSHoXm', 0, NULL, '2', 10, NULL, '2024-07-24 12:47:43', '2024-07-24 12:47:43'),
(1655, 4, 6, '3054420240724fMbgZ1l', 0, NULL, '2', 10, NULL, '2024-07-24 12:47:43', '2024-07-24 12:47:43'),
(1656, 4, 6, '3265020240724w9UMZlO', 0, NULL, '2', 10, NULL, '2024-07-24 12:47:43', '2024-07-24 12:47:43'),
(1657, 4, 6, '1839720240724QOTkwp4', 0, NULL, '2', 10, NULL, '2024-07-24 12:47:43', '2024-07-24 12:47:43'),
(1658, 4, 6, '5358320240724UH6AQEB', 0, NULL, '2', 10, NULL, '2024-07-24 12:47:43', '2024-07-24 12:47:43'),
(1659, 4, 6, '11949202407244TWJmVg', 0, NULL, '2', 10, NULL, '2024-07-24 12:47:43', '2024-07-24 12:47:43'),
(1660, 4, 6, '11920240724LuNkIhM', 0, NULL, '2', 10, NULL, '2024-07-24 12:47:43', '2024-07-24 12:47:43'),
(1661, 4, 6, '7464320240724cfgJTjW', 0, NULL, '2', 10, NULL, '2024-07-24 12:47:43', '2024-07-24 12:47:43'),
(1662, 4, 6, '6891320240724XnHaerG', 0, NULL, '2', 10, NULL, '2024-07-24 12:47:43', '2024-07-24 12:47:43'),
(1663, 4, 6, '3983320240724LGR3TA9', 0, NULL, '2', 10, NULL, '2024-07-24 12:47:43', '2024-07-24 12:47:43'),
(1664, 4, 6, '5842020240724RnSDNmd', 0, NULL, '2', 10, NULL, '2024-07-24 12:47:43', '2024-07-24 12:47:43'),
(1665, 4, 6, '7508420240724wBY21dr', 0, NULL, '2', 10, NULL, '2024-07-24 12:47:43', '2024-07-24 12:47:43'),
(1666, 4, 6, '6149420240724X2Ga7Ev', 0, NULL, '2', 10, NULL, '2024-07-24 12:47:43', '2024-07-24 12:47:43'),
(1667, 4, 6, '7678920240724PCLTkpw', 0, NULL, '2', 10, NULL, '2024-07-24 12:47:43', '2024-07-24 12:47:43'),
(1668, 4, 6, '2814020240724ICqprdc', 0, NULL, '2', 10, NULL, '2024-07-24 12:47:43', '2024-07-24 12:47:43'),
(1669, 4, 6, '3170520240724y9JvPKD', 0, NULL, '2', 10, NULL, '2024-07-24 12:47:43', '2024-07-24 12:47:43'),
(1670, 4, 6, '4795620240724JGXdf8o', 0, NULL, '2', 10, NULL, '2024-07-24 12:47:43', '2024-07-24 12:47:43'),
(1671, 4, 6, '7157420240724y4nErOD', 0, NULL, '2', 10, NULL, '2024-07-24 12:47:43', '2024-07-24 12:47:43'),
(1672, 4, 6, '9098620240724ryBpf03', 0, NULL, '2', 10, NULL, '2024-07-24 12:47:43', '2024-07-24 12:47:43'),
(1673, 4, 6, '9892720240724BjMHvVG', 0, NULL, '2', 10, NULL, '2024-07-24 12:47:43', '2024-07-24 12:47:43'),
(1674, 4, 6, '749820240724CrnZU3o', 0, NULL, '2', 10, NULL, '2024-07-24 12:47:43', '2024-07-24 12:47:43'),
(1675, 4, 6, '6965120240724LloDt7w', 0, NULL, '2', 10, NULL, '2024-07-24 12:47:43', '2024-07-24 12:47:43'),
(1676, 4, 6, '7154920240724tzj5dBq', 0, NULL, '2', 10, NULL, '2024-07-24 12:47:43', '2024-07-24 12:47:43'),
(1677, 4, 6, '7520720240724JSAcI6n', 0, NULL, '2', 10, NULL, '2024-07-24 12:47:43', '2024-07-24 12:47:43'),
(1678, 4, 6, '4719520240724Giys9Kt', 0, NULL, '2', 10, NULL, '2024-07-24 12:47:43', '2024-07-24 12:47:43'),
(1679, 4, 6, '5888720240724gTnIRMD', 0, NULL, '2', 10, NULL, '2024-07-24 12:47:43', '2024-07-24 12:47:43'),
(1680, 4, 6, '4801720240724iHG780Y', 0, NULL, '2', 10, NULL, '2024-07-24 12:47:43', '2024-07-24 12:47:43'),
(1681, 4, 6, '19783202407245TNDlrd', 0, NULL, '2', 10, NULL, '2024-07-24 12:47:43', '2024-07-24 12:47:43'),
(1682, 4, 6, '2219120240724uqcCekB', 0, NULL, '2', 10, NULL, '2024-07-24 12:47:43', '2024-07-24 12:47:43'),
(1683, 4, 6, '9744420240724NtfRFgj', 0, NULL, '2', 10, NULL, '2024-07-24 12:47:43', '2024-07-24 12:47:43'),
(1684, 4, 6, '2127920240724UGQKLXD', 0, NULL, '2', 10, NULL, '2024-07-24 12:47:43', '2024-07-24 12:47:43'),
(1685, 4, 6, '34741202407241XLKTkG', 0, NULL, '2', 10, NULL, '2024-07-24 12:47:43', '2024-07-24 12:47:43'),
(1686, 4, 6, '2822420240724EG7vizY', 0, NULL, '2', 10, NULL, '2024-07-24 12:47:43', '2024-07-24 12:47:43'),
(1687, 4, 6, '86225202407245vEZ6T2', 0, NULL, '2', 10, NULL, '2024-07-24 12:47:43', '2024-07-24 12:47:43'),
(1688, 4, 6, '5645220240724msKzVJv', 0, NULL, '2', 10, NULL, '2024-07-24 12:47:43', '2024-07-24 12:47:43'),
(1689, 4, 6, '8309920240724j1Fklvs', 0, NULL, '2', 10, NULL, '2024-07-24 12:47:43', '2024-07-24 12:47:43'),
(1690, 4, 6, '40164202407245ojeYBD', 0, NULL, '2', 10, NULL, '2024-07-24 12:47:43', '2024-07-24 12:47:43'),
(1691, 4, 6, '350920240724b8ZFvtO', 0, NULL, '2', 10, NULL, '2024-07-24 12:47:43', '2024-07-24 12:47:43'),
(1692, 4, 6, '275592024072407t1O5S', 0, NULL, '2', 10, NULL, '2024-07-24 12:47:43', '2024-07-24 12:47:43'),
(1693, 4, 6, '8250120240724hryDSMC', 0, NULL, '2', 10, NULL, '2024-07-24 12:47:43', '2024-07-24 12:47:43'),
(1694, 4, 6, '7959020240724nWtS8RX', 0, NULL, '2', 10, NULL, '2024-07-24 12:47:43', '2024-07-24 12:47:43'),
(1695, 4, 6, '4339720240724NAmOL3y', 0, NULL, '2', 10, NULL, '2024-07-24 12:47:43', '2024-07-24 12:47:43'),
(1696, 4, 6, '7822420240724vb1KYsI', 0, NULL, '2', 10, NULL, '2024-07-24 12:47:43', '2024-07-24 12:47:43'),
(1697, 4, 6, '92335202407247CoJZGX', 0, NULL, '2', 10, NULL, '2024-07-24 12:47:43', '2024-07-24 12:47:43'),
(1698, 4, 6, '1659220240724qGkiHou', 0, NULL, '2', 10, NULL, '2024-07-24 12:47:43', '2024-07-24 12:47:43'),
(1699, 4, 6, '5126420240724qRbmQox', 0, NULL, '2', 10, NULL, '2024-07-24 12:47:43', '2024-07-24 12:47:43'),
(1700, 4, 6, '8370520240724aefUBFb', 0, NULL, '2', 10, NULL, '2024-07-24 12:47:43', '2024-07-24 12:47:43'),
(1701, 4, 6, '4907820240724vPcMFOR', 0, NULL, '2', 10, NULL, '2024-07-24 12:47:43', '2024-07-24 12:47:43'),
(1702, 4, 6, '8347520240724zSwhjOB', 0, NULL, '2', 10, NULL, '2024-07-24 12:47:43', '2024-07-24 12:47:43'),
(1703, 4, 6, '484422024072410yrEYc', 0, NULL, '2', 10, NULL, '2024-07-24 12:47:43', '2024-07-24 12:47:43'),
(1704, 4, 6, '1885920240724Ui509xE', 0, NULL, '2', 10, NULL, '2024-07-24 12:47:43', '2024-07-24 12:47:43'),
(1705, 4, 6, '1234520240724en6pX5T', 0, NULL, '2', 10, NULL, '2024-07-24 12:47:43', '2024-07-24 12:47:43'),
(1706, 4, 6, '1377120240724hoXc7ie', 0, NULL, '2', 10, NULL, '2024-07-24 12:47:43', '2024-07-24 12:47:43'),
(1707, 4, 6, '306532024072410iVXGp', 0, NULL, '2', 10, NULL, '2024-07-24 12:47:43', '2024-07-24 12:47:43'),
(1708, 4, 6, '2529620240724bnRE0x9', 0, NULL, '2', 10, NULL, '2024-07-24 12:47:43', '2024-07-24 12:47:43'),
(1709, 4, 6, '2232020240724Ht5hjDF', 0, NULL, '2', 10, NULL, '2024-07-24 12:47:43', '2024-07-24 12:47:43'),
(1710, 4, 6, '4679620240724p8F4bUD', 0, NULL, '2', 10, NULL, '2024-07-24 12:47:43', '2024-07-24 12:47:43'),
(1711, 4, 6, '2033720240724LPnMhGe', 0, NULL, '2', 10, NULL, '2024-07-24 12:47:43', '2024-07-24 12:47:43'),
(1712, 4, 6, '460462024072427bNteo', 0, NULL, '2', 10, NULL, '2024-07-24 12:47:43', '2024-07-24 12:47:43'),
(1713, 4, 6, '4518720240724gnJ6tNF', 0, NULL, '2', 10, NULL, '2024-07-24 12:47:43', '2024-07-24 12:47:43'),
(1714, 4, 6, '1569520240724MkbLf3O', 0, NULL, '2', 10, NULL, '2024-07-24 12:47:43', '2024-07-24 12:47:43'),
(1715, 4, 6, '4832620240724wABk4lI', 0, NULL, '2', 10, NULL, '2024-07-24 12:47:43', '2024-07-24 12:47:43'),
(1716, 4, 6, '8242920240724Gb3cyi9', 0, NULL, '2', 10, NULL, '2024-07-24 12:47:43', '2024-07-24 12:47:43'),
(1717, 4, 6, '909520240724I84GUYB', 0, NULL, '2', 10, NULL, '2024-07-24 12:47:43', '2024-07-24 12:47:43'),
(1718, 4, 6, '1011820240724J9FP5Vq', 0, NULL, '2', 10, NULL, '2024-07-24 12:47:43', '2024-07-24 12:47:43'),
(1719, 4, 6, '3015520240724Kh9ONmV', 0, NULL, '2', 10, NULL, '2024-07-24 12:47:43', '2024-07-24 12:47:43'),
(1720, 4, 6, '8610120240724CJLXS5O', 0, NULL, '2', 10, NULL, '2024-07-24 12:47:43', '2024-07-24 12:47:43'),
(1721, 4, 6, '80209202407248LRNWJI', 0, NULL, '2', 10, NULL, '2024-07-24 12:47:43', '2024-07-24 12:47:43'),
(1722, 4, 6, '1131520240724TfX3DON', 0, NULL, '2', 10, NULL, '2024-07-24 12:47:43', '2024-07-24 12:47:43'),
(1723, 4, 6, '5846220240724sLXS8Y5', 0, NULL, '2', 10, NULL, '2024-07-24 12:47:43', '2024-07-24 12:47:43'),
(1724, 4, 6, '5587120240724JzNqxXh', 0, NULL, '2', 10, NULL, '2024-07-24 12:47:43', '2024-07-24 12:47:43'),
(1725, 4, 6, '7107020240724iXzCKZN', 0, NULL, '2', 10, NULL, '2024-07-24 12:47:43', '2024-07-24 12:47:43'),
(1726, 4, 6, '6264520240724yn9BJu1', 0, NULL, '2', 10, NULL, '2024-07-24 12:47:43', '2024-07-24 12:47:43'),
(1727, 4, 6, '407932024072474JTHuv', 0, NULL, '2', 10, NULL, '2024-07-24 12:47:43', '2024-07-24 12:47:43'),
(1728, 4, 6, '5895820240724LJqR3wX', 0, NULL, '2', 10, NULL, '2024-07-24 12:47:43', '2024-07-24 12:47:43'),
(1729, 4, 6, '5385220240724wtyQlZd', 0, NULL, '2', 10, NULL, '2024-07-24 12:47:43', '2024-07-24 12:47:43'),
(1730, 4, 6, '3558920240724D7AT1wE', 0, NULL, '2', 10, NULL, '2024-07-24 12:47:43', '2024-07-24 12:47:43'),
(1731, 4, 6, '8732420240724wFGQdSZ', 0, NULL, '2', 10, NULL, '2024-07-24 12:47:43', '2024-07-24 12:47:43'),
(1732, 4, 6, '2155320240724RkB5e2T', 0, NULL, '2', 10, NULL, '2024-07-24 12:47:43', '2024-07-24 12:47:43'),
(1733, 4, 6, '8111620240724ZUcGh28', 0, NULL, '2', 10, NULL, '2024-07-24 12:47:43', '2024-07-24 12:47:43'),
(1734, 4, 6, '9589420240724SWNvhui', 0, NULL, '2', 10, NULL, '2024-07-24 12:47:43', '2024-07-24 12:47:43'),
(1735, 4, 6, '9381020240724jKJuyoQ', 0, NULL, '2', 10, NULL, '2024-07-24 12:47:43', '2024-07-24 12:47:43'),
(1736, 4, 6, '6987720240724Dzlnkgj', 0, NULL, '2', 10, NULL, '2024-07-24 12:47:43', '2024-07-24 12:47:43'),
(1737, 4, 6, '7168320240724sGYMx4Q', 0, NULL, '2', 10, NULL, '2024-07-24 12:47:43', '2024-07-24 12:47:43'),
(1738, 4, 6, '3307420240724EW64Rgc', 0, NULL, '2', 10, NULL, '2024-07-24 12:47:43', '2024-07-24 12:47:43'),
(1739, 4, 6, '5846420240724W0JDnqG', 0, NULL, '2', 10, NULL, '2024-07-24 12:47:43', '2024-07-24 12:47:43'),
(1740, 4, 6, '916620240724fTVidn2', 0, NULL, '2', 10, NULL, '2024-07-24 12:47:43', '2024-07-24 12:47:43'),
(1741, 4, 6, '5744820240724alJghYO', 0, NULL, '2', 10, NULL, '2024-07-24 12:47:43', '2024-07-24 12:47:43'),
(1742, 4, 6, '7393120240724YCJ2rVG', 0, NULL, '2', 10, NULL, '2024-07-24 12:47:43', '2024-07-24 12:47:43'),
(1743, 4, 6, '1888920240724LcTEeA8', 0, NULL, '2', 10, NULL, '2024-07-24 12:47:43', '2024-07-24 12:47:43'),
(1744, 4, 6, '42016202407249iIOCHR', 0, NULL, '2', 10, NULL, '2024-07-24 12:47:43', '2024-07-24 12:47:43'),
(1745, 4, 6, '6363020240724BNhXRi5', 0, NULL, '2', 10, NULL, '2024-07-24 12:47:43', '2024-07-24 12:47:43'),
(1746, 4, 6, '573320240724WrEwvxQ', 0, NULL, '2', 10, NULL, '2024-07-24 12:47:43', '2024-07-24 12:47:43'),
(1747, 4, 6, '590920240724oa6CTOe', 0, NULL, '2', 10, NULL, '2024-07-24 12:47:43', '2024-07-24 12:47:43'),
(1748, 4, 6, '9439820240724LRAIJXP', 0, NULL, '2', 10, NULL, '2024-07-24 12:47:43', '2024-07-24 12:47:43'),
(1749, 4, 6, '69702202407247vxGCz6', 0, NULL, '2', 10, NULL, '2024-07-24 12:47:43', '2024-07-24 12:47:43'),
(1750, 4, 6, '7677620240724VzNtY8f', 0, NULL, '2', 10, NULL, '2024-07-24 12:47:43', '2024-07-24 12:47:43'),
(1751, 4, 6, '5974202407243wbXTph', 0, NULL, '2', 10, NULL, '2024-07-24 12:47:43', '2024-07-24 12:47:43'),
(1752, 4, 6, '7088920240724aoLeUdJ', 0, NULL, '2', 10, NULL, '2024-07-24 12:47:43', '2024-07-24 12:47:43'),
(1753, 4, 6, '90332202407248aVdIN5', 0, NULL, '2', 10, NULL, '2024-07-24 12:47:43', '2024-07-24 12:47:43'),
(1754, 4, 6, '4640920240724p0QCvJX', 0, NULL, '2', 10, NULL, '2024-07-24 12:47:43', '2024-07-24 12:47:43'),
(1755, 4, 6, '5390020240724a3RjYox', 0, NULL, '2', 10, NULL, '2024-07-24 12:47:43', '2024-07-24 12:47:43'),
(1756, 4, 6, '5235720240724N5DtbUY', 0, NULL, '2', 10, NULL, '2024-07-24 12:47:43', '2024-07-24 12:47:43'),
(1757, 4, 6, '1630320240724cCuxE9S', 0, NULL, '2', 10, NULL, '2024-07-24 12:47:43', '2024-07-24 12:47:43'),
(1758, 4, 6, '11772024072434Qge5l', 0, NULL, '2', 10, NULL, '2024-07-24 12:47:43', '2024-07-24 12:47:43'),
(1759, 4, 6, '7118920240724LsPMBAt', 0, NULL, '2', 10, NULL, '2024-07-24 12:47:43', '2024-07-24 12:47:43'),
(1760, 4, 6, '9172020240724XOjcwL0', 0, NULL, '2', 10, NULL, '2024-07-24 12:47:43', '2024-07-24 12:47:43'),
(1761, 4, 6, '7034420240724yQVlTj2', 0, NULL, '2', 10, NULL, '2024-07-24 12:47:43', '2024-07-24 12:47:43'),
(1762, 4, 6, '5293120240724uV1ZkxY', 0, NULL, '2', 10, NULL, '2024-07-24 12:47:43', '2024-07-24 12:47:43'),
(1763, 4, 6, '7710220240724uJZiDls', 0, NULL, '2', 10, NULL, '2024-07-24 12:47:43', '2024-07-24 12:47:43'),
(1764, 4, 6, '6785120240724nmHDjkl', 0, NULL, '2', 10, NULL, '2024-07-24 12:47:43', '2024-07-24 12:47:43'),
(1765, 4, 6, '8605220240724YrWORbL', 0, NULL, '2', 10, NULL, '2024-07-24 12:47:43', '2024-07-24 12:47:43'),
(1766, 4, 6, '9036020240724z76lFxk', 0, NULL, '2', 10, NULL, '2024-07-24 12:47:43', '2024-07-24 12:47:43'),
(1767, 4, 6, '3292320240724LTSQ4vr', 0, NULL, '2', 10, NULL, '2024-07-24 12:47:43', '2024-07-24 12:47:43'),
(1768, 4, 6, '8520920240724z02LKA1', 0, NULL, '2', 10, NULL, '2024-07-24 12:47:43', '2024-07-24 12:47:43'),
(1769, 4, 6, '6546520240724oLNVnJX', 0, NULL, '2', 10, NULL, '2024-07-24 12:47:43', '2024-07-24 12:47:43'),
(1770, 4, 6, '8511120240724IVwienf', 0, NULL, '2', 10, NULL, '2024-07-24 12:47:43', '2024-07-24 12:47:43'),
(1771, 4, 6, '7301020240724OBJtVpo', 0, NULL, '2', 10, NULL, '2024-07-24 12:47:43', '2024-07-24 12:47:43'),
(1772, 4, 6, '6645020240724wqS3J0c', 0, NULL, '2', 10, NULL, '2024-07-24 12:47:43', '2024-07-24 12:47:43'),
(1773, 4, 6, '5164420240724iEMZcd8', 0, NULL, '2', 10, NULL, '2024-07-24 12:47:43', '2024-07-24 12:47:43'),
(1774, 4, 6, '93821202407248pruhwk', 0, NULL, '2', 10, NULL, '2024-07-24 12:47:43', '2024-07-24 12:47:43'),
(1775, 4, 6, '36586202407248uceJWp', 0, NULL, '2', 10, NULL, '2024-07-24 12:47:43', '2024-07-24 12:47:43'),
(1776, 4, 6, '44760202407245SHcumR', 0, NULL, '2', 10, NULL, '2024-07-24 12:47:43', '2024-07-24 12:47:43'),
(1777, 4, 6, '3633520240724WpkfTqJ', 0, NULL, '2', 10, NULL, '2024-07-24 12:47:43', '2024-07-24 12:47:43'),
(1778, 4, 6, '79138202407243IPZAJn', 0, NULL, '2', 10, NULL, '2024-07-24 12:47:43', '2024-07-24 12:47:43'),
(1779, 4, 6, '8326120240724bEgTwzA', 0, NULL, '2', 10, NULL, '2024-07-24 12:47:43', '2024-07-24 12:47:43'),
(1780, 4, 6, '6968420240724Vw9yqKP', 0, NULL, '2', 10, NULL, '2024-07-24 12:47:43', '2024-07-24 12:47:43'),
(1781, 4, 6, '6245120240724kt1Bh6F', 0, NULL, '2', 10, NULL, '2024-07-24 12:47:43', '2024-07-24 12:47:43'),
(1782, 4, 6, '462720240724RbHwBzW', 0, NULL, '2', 10, NULL, '2024-07-24 12:47:43', '2024-07-24 12:47:43'),
(1783, 4, 6, '74959202407246EvJcjS', 0, NULL, '2', 10, NULL, '2024-07-24 12:47:43', '2024-07-24 12:47:43'),
(1784, 4, 6, '1139720240724N0FiPAd', 0, NULL, '2', 10, NULL, '2024-07-24 12:47:43', '2024-07-24 12:47:43'),
(1785, 4, 6, '7603620240724FkibPLv', 0, NULL, '2', 10, NULL, '2024-07-24 12:47:43', '2024-07-24 12:47:43'),
(1786, 4, 6, '8141420240724aPcOm1R', 0, NULL, '2', 10, NULL, '2024-07-24 12:47:43', '2024-07-24 12:47:43'),
(1787, 4, 6, '6085820240724AUPIeN2', 0, NULL, '2', 10, NULL, '2024-07-24 12:47:43', '2024-07-24 12:47:43'),
(1788, 4, 6, '6636920240724FyO1oLY', 0, NULL, '2', 10, NULL, '2024-07-24 12:47:43', '2024-07-24 12:47:43'),
(1789, 4, 6, '2197420240724r6GZjiI', 0, NULL, '2', 10, NULL, '2024-07-24 12:47:43', '2024-07-24 12:47:43'),
(1790, 4, 6, '2940820240724RMONC9a', 0, NULL, '2', 10, NULL, '2024-07-24 12:47:43', '2024-07-24 12:47:43'),
(1791, 4, 6, '98711202407249vwSUYI', 0, NULL, '2', 10, NULL, '2024-07-24 12:47:43', '2024-07-24 12:47:43'),
(1792, 4, 6, '5410520240724D1azbjP', 0, NULL, '2', 10, NULL, '2024-07-24 12:47:43', '2024-07-24 12:47:43'),
(1793, 4, 6, '8681420240724nMEkOhK', 0, NULL, '2', 10, NULL, '2024-07-24 12:47:43', '2024-07-24 12:47:43'),
(1794, 4, 6, '3554520240724XmB8gC1', 0, NULL, '2', 10, NULL, '2024-07-24 12:47:43', '2024-07-24 12:47:43'),
(1795, 4, 6, '9780620240724rjd2JMY', 0, NULL, '2', 10, NULL, '2024-07-24 12:47:43', '2024-07-24 12:47:43'),
(1796, 4, 6, '9336620240724JN4i3B6', 0, NULL, '2', 10, NULL, '2024-07-24 12:47:43', '2024-07-24 12:47:43'),
(1797, 4, 6, '6068320240724Xx1mKCd', 0, NULL, '2', 10, NULL, '2024-07-24 12:47:43', '2024-07-24 12:47:43'),
(1798, 4, 6, '1719520240724Aj1S3yX', 0, NULL, '2', 10, NULL, '2024-07-24 12:47:43', '2024-07-24 12:47:43'),
(1799, 4, 6, '1705920240724DjZiSnQ', 0, NULL, '2', 10, NULL, '2024-07-24 12:47:43', '2024-07-24 12:47:43'),
(1800, 4, 6, '3684420240724V1wRvIW', 0, NULL, '2', 10, NULL, '2024-07-24 12:47:43', '2024-07-24 12:47:43'),
(1801, 4, 6, '7243920240724BAJSPkN', 0, NULL, '2', 10, NULL, '2024-07-24 12:47:43', '2024-07-24 12:47:43'),
(1802, 4, 6, '4527520240724i1Wn8C2', 0, NULL, '2', 10, NULL, '2024-07-24 12:47:43', '2024-07-24 12:47:43'),
(1803, 4, 6, '8211820240724R3foQuF', 0, NULL, '2', 10, NULL, '2024-07-24 12:47:43', '2024-07-24 12:47:43'),
(1804, 4, 6, '4117920240724h1CSF34', 0, NULL, '2', 10, NULL, '2024-07-24 12:47:43', '2024-07-24 12:47:43'),
(1805, 4, 6, '6171220240724RSOiPns', 0, NULL, '2', 10, NULL, '2024-07-24 12:47:43', '2024-07-24 12:47:43'),
(1806, 4, 6, '932320240724z4CbBM3', 0, NULL, '2', 10, NULL, '2024-07-24 12:47:43', '2024-07-24 12:47:43'),
(1807, 4, 6, '4387620240724V7HdTfe', 0, NULL, '2', 10, NULL, '2024-07-24 12:47:43', '2024-07-24 12:47:43'),
(1808, 4, 6, '1498820240724bNr2uEt', 0, NULL, '2', 10, NULL, '2024-07-24 12:47:43', '2024-07-24 12:47:43'),
(1809, 4, 6, '2624320240724LYZkBWp', 0, NULL, '2', 10, NULL, '2024-07-24 12:47:43', '2024-07-24 12:47:43'),
(1810, 4, 6, '2990020240724MCtVNAQ', 0, NULL, '2', 10, NULL, '2024-07-24 12:47:43', '2024-07-24 12:47:43'),
(1811, 4, 6, '6190420240724dMfBAmb', 0, NULL, '2', 10, NULL, '2024-07-24 12:47:43', '2024-07-24 12:47:43'),
(1812, 4, 6, '4267620240724dQLtvFj', 0, NULL, '2', 10, NULL, '2024-07-24 12:47:43', '2024-07-24 12:47:43'),
(1813, 4, 6, '5022820240724XSVqzY7', 0, NULL, '2', 10, NULL, '2024-07-24 12:47:43', '2024-07-24 12:47:43'),
(1814, 4, 6, '8637720240724fBCXwzL', 0, NULL, '2', 10, NULL, '2024-07-24 12:47:43', '2024-07-24 12:47:43'),
(1815, 4, 6, '31760202407242NbO6T4', 0, NULL, '2', 10, NULL, '2024-07-24 12:47:43', '2024-07-24 12:47:43'),
(1816, 4, 6, '7917920240724a9cGeVy', 0, NULL, '2', 10, NULL, '2024-07-24 12:47:43', '2024-07-24 12:47:43'),
(1817, 4, 6, '254420240724qswe9JF', 0, NULL, '2', 10, NULL, '2024-07-24 12:47:43', '2024-07-24 12:47:43'),
(1818, 4, 6, '30921202407247MOsb1B', 0, NULL, '2', 10, NULL, '2024-07-24 12:47:43', '2024-07-24 12:47:43'),
(1819, 4, 6, '8426420240724rXbjoEq', 0, NULL, '2', 10, NULL, '2024-07-24 12:47:43', '2024-07-24 12:47:43'),
(1820, 4, 6, '9674820240724dBMEPRo', 0, NULL, '2', 10, NULL, '2024-07-24 12:47:43', '2024-07-24 12:47:43'),
(1821, 4, 6, '6224520240724b4tm2FZ', 0, NULL, '2', 10, NULL, '2024-07-24 12:47:43', '2024-07-24 12:47:43'),
(1822, 4, 6, '584820240724OpYSx5V', 0, NULL, '2', 10, NULL, '2024-07-24 12:47:43', '2024-07-24 12:47:43'),
(1823, 4, 6, '32917202407247HLGpXS', 0, NULL, '2', 10, NULL, '2024-07-24 12:47:43', '2024-07-24 12:47:43'),
(1824, 4, 6, '269720240724Jra0CeF', 0, NULL, '2', 10, NULL, '2024-07-24 12:47:43', '2024-07-24 12:47:43'),
(1825, 4, 6, '8160920240724CUrXzng', 0, NULL, '2', 10, NULL, '2024-07-24 12:47:43', '2024-07-24 12:47:43'),
(1826, 4, 6, '3581920240724lC0BShQ', 0, NULL, '2', 10, NULL, '2024-07-24 12:47:43', '2024-07-24 12:47:43'),
(1827, 4, 6, '7969620240724XUxQJPN', 0, NULL, '2', 10, NULL, '2024-07-24 12:47:43', '2024-07-24 12:47:43'),
(1828, 4, 6, '3677920240724kd2twSb', 0, NULL, '2', 10, NULL, '2024-07-24 12:47:44', '2024-07-24 12:47:44'),
(1829, 4, 6, '6310520240724QU2znH7', 0, NULL, '2', 10, NULL, '2024-07-24 12:47:44', '2024-07-24 12:47:44'),
(1830, 4, 6, '45381202407249vzt2Mk', 0, NULL, '2', 10, NULL, '2024-07-24 12:47:44', '2024-07-24 12:47:44'),
(1831, 4, 6, '5974320240724KAahY4X', 0, NULL, '2', 10, NULL, '2024-07-24 12:47:44', '2024-07-24 12:47:44'),
(1832, 4, 6, '1505820240724BsH687g', 0, NULL, '2', 10, NULL, '2024-07-24 12:47:44', '2024-07-24 12:47:44'),
(1833, 4, 6, '3533620240724TcQjuK9', 0, NULL, '2', 10, NULL, '2024-07-24 12:47:44', '2024-07-24 12:47:44'),
(1834, 4, 6, '4080020240724dZAI8RD', 0, NULL, '2', 10, NULL, '2024-07-24 12:47:44', '2024-07-24 12:47:44'),
(1835, 4, 6, '1640620240724hAKBLV1', 0, NULL, '2', 10, NULL, '2024-07-24 12:47:44', '2024-07-24 12:47:44'),
(1836, 4, 6, '7727920240724pOBUkVg', 0, NULL, '2', 10, NULL, '2024-07-24 12:47:44', '2024-07-24 12:47:44'),
(1837, 4, 6, '3678220240724T0HFmpw', 0, NULL, '2', 10, NULL, '2024-07-24 12:47:44', '2024-07-24 12:47:44'),
(1838, 4, 6, '2550620240724OpJ8YIt', 0, NULL, '2', 10, NULL, '2024-07-24 12:47:44', '2024-07-24 12:47:44'),
(1839, 4, 6, '208120240724T1uqsU7', 0, NULL, '2', 10, NULL, '2024-07-24 12:47:44', '2024-07-24 12:47:44'),
(1840, 4, 6, '9065520240724m6i8TqU', 0, NULL, '2', 10, NULL, '2024-07-24 12:47:44', '2024-07-24 12:47:44'),
(1841, 4, 6, '3138320240724RqC8slE', 0, NULL, '2', 10, NULL, '2024-07-24 12:47:44', '2024-07-24 12:47:44'),
(1842, 4, 6, '8809520240724G62B9I7', 0, NULL, '2', 10, NULL, '2024-07-24 12:47:44', '2024-07-24 12:47:44'),
(1843, 4, 6, '1833820240724EChayGQ', 0, NULL, '2', 10, NULL, '2024-07-24 12:47:44', '2024-07-24 12:47:44'),
(1844, 4, 6, '5679420240724QfYkmvT', 0, NULL, '2', 10, NULL, '2024-07-24 12:47:44', '2024-07-24 12:47:44'),
(1845, 4, 6, '5661720240724Wm4TZbN', 0, NULL, '2', 10, NULL, '2024-07-24 12:47:44', '2024-07-24 12:47:44'),
(1846, 4, 6, '7099120240724cLHSvPA', 0, NULL, '2', 10, NULL, '2024-07-24 12:47:44', '2024-07-24 12:47:44'),
(1847, 4, 6, '6919202407248eM9R5i', 0, NULL, '2', 10, NULL, '2024-07-24 12:47:44', '2024-07-24 12:47:44'),
(1848, 4, 6, '4587120240724u8MvTrG', 0, NULL, '2', 10, NULL, '2024-07-24 12:47:44', '2024-07-24 12:47:44'),
(1849, 4, 6, '5077820240724zHyBarl', 0, NULL, '2', 10, NULL, '2024-07-24 12:47:44', '2024-07-24 12:47:44'),
(1850, 4, 6, '3862820240724tZIYnXp', 0, NULL, '2', 10, NULL, '2024-07-24 12:47:44', '2024-07-24 12:47:44'),
(1851, 4, 6, '3650120240724cfuGdbg', 0, NULL, '2', 10, NULL, '2024-07-24 12:47:44', '2024-07-24 12:47:44'),
(1852, 4, 6, '1639120240724fNuX63x', 0, NULL, '2', 10, NULL, '2024-07-24 12:47:44', '2024-07-24 12:47:44'),
(1853, 4, 6, '80820240724XsiJjN5', 0, NULL, '2', 10, NULL, '2024-07-24 12:47:44', '2024-07-24 12:47:44'),
(1854, 4, 6, '1117420240724sbluSmX', 0, NULL, '2', 10, NULL, '2024-07-24 12:47:44', '2024-07-24 12:47:44'),
(1855, 4, 6, '9747320240724R6O9uje', 0, NULL, '2', 10, NULL, '2024-07-24 12:47:44', '2024-07-24 12:47:44'),
(1856, 4, 6, '348120240724R2KMFbe', 0, NULL, '2', 10, NULL, '2024-07-24 12:47:44', '2024-07-24 12:47:44'),
(1857, 4, 6, '54362202407242uSIjn6', 0, NULL, '2', 10, NULL, '2024-07-24 12:47:44', '2024-07-24 12:47:44'),
(1858, 4, 6, '268112024072462xLjbm', 0, NULL, '2', 10, NULL, '2024-07-24 12:47:44', '2024-07-24 12:47:44'),
(1859, 4, 6, '9288020240724rkcmIyx', 0, NULL, '2', 10, NULL, '2024-07-24 12:47:44', '2024-07-24 12:47:44'),
(1860, 4, 6, '7874120240724dUpq4iw', 0, NULL, '2', 10, NULL, '2024-07-24 12:47:44', '2024-07-24 12:47:44'),
(1861, 4, 6, '235720240724QfWNEoZ', 0, NULL, '2', 10, NULL, '2024-07-24 12:47:44', '2024-07-24 12:47:44'),
(1862, 4, 6, '6919220240724WwtsTZS', 0, NULL, '2', 10, NULL, '2024-07-24 12:47:44', '2024-07-24 12:47:44'),
(1863, 4, 6, '4504520240724lXnzDOg', 0, NULL, '2', 10, NULL, '2024-07-24 12:47:44', '2024-07-24 12:47:44'),
(1864, 4, 6, '2586720240724d9IcfxZ', 0, NULL, '2', 10, NULL, '2024-07-24 12:47:44', '2024-07-24 12:47:44'),
(1865, 4, 6, '447412024072432paX5F', 0, NULL, '2', 10, NULL, '2024-07-24 12:47:44', '2024-07-24 12:47:44'),
(1866, 4, 6, '6017920240724kUi93Lc', 0, NULL, '2', 10, NULL, '2024-07-24 12:47:44', '2024-07-24 12:47:44'),
(1867, 4, 6, '896120240724gMPY4y0', 0, NULL, '2', 10, NULL, '2024-07-24 12:47:44', '2024-07-24 12:47:44'),
(1868, 4, 6, '6660620240724tnZRFUW', 0, NULL, '2', 10, NULL, '2024-07-24 12:47:44', '2024-07-24 12:47:44'),
(1869, 4, 6, '3608020240724SEqbj3A', 0, NULL, '2', 10, NULL, '2024-07-24 12:47:44', '2024-07-24 12:47:44'),
(1870, 4, 6, '5454520240724j8BXzy7', 0, NULL, '2', 10, NULL, '2024-07-24 12:47:44', '2024-07-24 12:47:44'),
(1871, 4, 6, '3232820240724IMneWKq', 0, NULL, '2', 10, NULL, '2024-07-24 12:47:44', '2024-07-24 12:47:44'),
(1872, 4, 6, '586320240724k7o5KfJ', 0, NULL, '2', 10, NULL, '2024-07-24 12:47:44', '2024-07-24 12:47:44'),
(1873, 4, 6, '33560202407247ivnZsU', 0, NULL, '2', 10, NULL, '2024-07-24 12:47:44', '2024-07-24 12:47:44'),
(1874, 4, 6, '1790420240724CXkUPTf', 0, NULL, '2', 10, NULL, '2024-07-24 12:47:44', '2024-07-24 12:47:44'),
(1875, 4, 6, '6885820240724yapsG1t', 0, NULL, '2', 10, NULL, '2024-07-24 12:47:44', '2024-07-24 12:47:44'),
(1876, 4, 6, '9146520240724IkUt5Ov', 0, NULL, '2', 10, NULL, '2024-07-24 12:47:44', '2024-07-24 12:47:44'),
(1877, 4, 6, '5587820240724qFIDLnl', 0, NULL, '2', 10, NULL, '2024-07-24 12:47:44', '2024-07-24 12:47:44'),
(1878, 4, 6, '730920240724Cuxk1De', 0, NULL, '2', 10, NULL, '2024-07-24 12:47:44', '2024-07-24 12:47:44'),
(1879, 4, 6, '943320240724ARuLPIT', 0, NULL, '2', 10, NULL, '2024-07-24 12:47:44', '2024-07-24 12:47:44'),
(1880, 4, 6, '1863320240724vyo3sNp', 0, NULL, '2', 10, NULL, '2024-07-24 12:47:44', '2024-07-24 12:47:44'),
(1881, 4, 6, '8119420240724gwIah7F', 0, NULL, '2', 10, NULL, '2024-07-24 12:47:44', '2024-07-24 12:47:44'),
(1882, 4, 6, '9269020240724wjTXMg8', 0, NULL, '2', 10, NULL, '2024-07-24 12:47:44', '2024-07-24 12:47:44'),
(1883, 4, 6, '5889720240724px4uAna', 0, NULL, '2', 10, NULL, '2024-07-24 12:47:44', '2024-07-24 12:47:44'),
(1884, 4, 6, '8290220240724j8YFTs4', 0, NULL, '2', 10, NULL, '2024-07-24 12:47:44', '2024-07-24 12:47:44'),
(1885, 4, 6, '5441520240724gy0nUkz', 0, NULL, '2', 10, NULL, '2024-07-24 12:47:44', '2024-07-24 12:47:44'),
(1886, 4, 6, '84107202407245Oz10Yw', 0, NULL, '2', 10, NULL, '2024-07-24 12:47:44', '2024-07-24 12:47:44'),
(1887, 4, 6, '2020120240724JfHicVd', 0, NULL, '2', 10, NULL, '2024-07-24 12:47:44', '2024-07-24 12:47:44'),
(1888, 4, 6, '9642520240724VKfTMpy', 0, NULL, '2', 10, NULL, '2024-07-24 12:47:44', '2024-07-24 12:47:44'),
(1889, 4, 6, '3721620240724uI9KyZe', 0, NULL, '2', 10, NULL, '2024-07-24 12:47:44', '2024-07-24 12:47:44'),
(1890, 4, 6, '5492520240724K9i5GHv', 0, NULL, '2', 10, NULL, '2024-07-24 12:47:44', '2024-07-24 12:47:44'),
(1891, 4, 6, '8276520240724nXumWv0', 0, NULL, '2', 10, NULL, '2024-07-24 12:47:44', '2024-07-24 12:47:44'),
(1892, 4, 6, '88280202407243IY2wWJ', 0, NULL, '2', 10, NULL, '2024-07-24 12:47:44', '2024-07-24 12:47:44'),
(1893, 4, 6, '9149820240724OzEPTWn', 0, NULL, '2', 10, NULL, '2024-07-24 12:47:44', '2024-07-24 12:47:44'),
(1894, 4, 6, '80380202407246IqcanD', 0, NULL, '2', 10, NULL, '2024-07-24 12:47:44', '2024-07-24 12:47:44'),
(1895, 4, 6, '34790202407240zjq3Tl', 0, NULL, '2', 10, NULL, '2024-07-24 12:47:44', '2024-07-24 12:47:44'),
(1896, 4, 6, '9094720240724n4majuW', 0, NULL, '2', 10, NULL, '2024-07-24 12:47:44', '2024-07-24 12:47:44'),
(1897, 4, 6, '6310320240724LUlaCP3', 0, NULL, '2', 10, NULL, '2024-07-24 12:47:44', '2024-07-24 12:47:44'),
(1898, 4, 6, '473772024072490Qt7du', 0, NULL, '2', 10, NULL, '2024-07-24 12:47:44', '2024-07-24 12:47:44'),
(1899, 4, 6, '8728720240724Jie1vsY', 0, NULL, '2', 10, NULL, '2024-07-24 12:47:44', '2024-07-24 12:47:44'),
(1900, 4, 6, '6621420240724F13M9tS', 0, NULL, '2', 10, NULL, '2024-07-24 12:47:44', '2024-07-24 12:47:44'),
(1901, 4, 6, '5469520240724POab2fp', 0, NULL, '2', 10, NULL, '2024-07-24 12:47:44', '2024-07-24 12:47:44'),
(1902, 4, 6, '430112024072409nVwkF', 0, NULL, '2', 10, NULL, '2024-07-24 12:47:44', '2024-07-24 12:47:44'),
(1903, 4, 6, '9214420240724BvGPeQz', 0, NULL, '2', 10, NULL, '2024-07-24 12:47:44', '2024-07-24 12:47:44'),
(1904, 4, 6, '2301720240724lPDhq7W', 0, NULL, '2', 10, NULL, '2024-07-24 12:47:44', '2024-07-24 12:47:44'),
(1905, 4, 6, '84550202407241snUBxo', 0, NULL, '2', 10, NULL, '2024-07-24 12:47:44', '2024-07-24 12:47:44'),
(1906, 4, 6, '5294220240724bt26wUJ', 0, NULL, '2', 10, NULL, '2024-07-24 12:47:44', '2024-07-24 12:47:44'),
(1907, 4, 6, '115072024072421caeoQ', 0, NULL, '2', 10, NULL, '2024-07-24 12:47:44', '2024-07-24 12:47:44'),
(1908, 4, 6, '6643020240724sPCTmGl', 0, NULL, '2', 10, NULL, '2024-07-24 12:47:44', '2024-07-24 12:47:44'),
(1909, 4, 6, '9540720240724UaT9hQq', 0, NULL, '2', 10, NULL, '2024-07-24 12:47:44', '2024-07-24 12:47:44'),
(1910, 4, 6, '5002520240724dPUNOua', 0, NULL, '2', 10, NULL, '2024-07-24 12:47:44', '2024-07-24 12:47:44'),
(1911, 4, 6, '4011220240724Z2nJMx1', 0, NULL, '2', 10, NULL, '2024-07-24 12:47:44', '2024-07-24 12:47:44'),
(1912, 4, 6, '9242620240724aFmUG5L', 0, NULL, '2', 10, NULL, '2024-07-24 12:47:44', '2024-07-24 12:47:44'),
(1913, 4, 6, '772220240724nyCMoeJ', 0, NULL, '2', 10, NULL, '2024-07-24 12:47:44', '2024-07-24 12:47:44'),
(1914, 4, 6, '8081820240724cG1xJM5', 0, NULL, '2', 10, NULL, '2024-07-24 12:47:44', '2024-07-24 12:47:44'),
(1915, 4, 6, '915120240724GYWI2vy', 0, NULL, '2', 10, NULL, '2024-07-24 12:47:44', '2024-07-24 12:47:44'),
(1916, 4, 6, '5626720240724dbFZMA3', 0, NULL, '2', 10, NULL, '2024-07-24 12:47:44', '2024-07-24 12:47:44'),
(1917, 4, 6, '1379520240724cCX6YK8', 0, NULL, '2', 10, NULL, '2024-07-24 12:47:44', '2024-07-24 12:47:44'),
(1918, 4, 6, '46295202407246mFigYd', 0, NULL, '2', 10, NULL, '2024-07-24 12:47:44', '2024-07-24 12:47:44'),
(1919, 4, 6, '2234120240724nJfQEGv', 0, NULL, '2', 10, NULL, '2024-07-24 12:47:44', '2024-07-24 12:47:44'),
(1920, 4, 6, '8281020240724d4hgOqP', 0, NULL, '2', 10, NULL, '2024-07-24 12:47:44', '2024-07-24 12:47:44'),
(1921, 4, 6, '500220240724FXiEypN', 0, NULL, '2', 10, NULL, '2024-07-24 12:47:44', '2024-07-24 12:47:44'),
(1922, 4, 6, '3276520240724QlSsqf2', 0, NULL, '2', 10, NULL, '2024-07-24 12:47:44', '2024-07-24 12:47:44'),
(1923, 4, 6, '2180820240724CqzVHZl', 0, NULL, '2', 10, NULL, '2024-07-24 12:47:44', '2024-07-24 12:47:44'),
(1924, 4, 6, '1919720240724IKch12X', 0, NULL, '2', 10, NULL, '2024-07-24 12:47:44', '2024-07-24 12:47:44'),
(1925, 4, 6, '6474720240724HgcVJhI', 0, NULL, '2', 10, NULL, '2024-07-24 12:47:44', '2024-07-24 12:47:44'),
(1926, 4, 6, '8604420240724eDACXFq', 0, NULL, '2', 10, NULL, '2024-07-24 12:47:44', '2024-07-24 12:47:44'),
(1927, 4, 6, '666420240724MItp6SC', 0, NULL, '2', 10, NULL, '2024-07-24 12:47:44', '2024-07-24 12:47:44'),
(1928, 4, 6, '4580320240724JEum1Tp', 0, NULL, '2', 10, NULL, '2024-07-24 12:47:44', '2024-07-24 12:47:44'),
(1929, 4, 6, '5194920240724Xr5S0Rl', 0, NULL, '2', 10, NULL, '2024-07-24 12:47:44', '2024-07-24 12:47:44'),
(1930, 4, 6, '2866320240724jCrBh1Z', 0, NULL, '2', 10, NULL, '2024-07-24 12:47:44', '2024-07-24 12:47:44'),
(1931, 4, 6, '2163820240724xb017p8', 0, NULL, '2', 10, NULL, '2024-07-24 12:47:44', '2024-07-24 12:47:44'),
(1932, 4, 6, '98113202407245Fq4v1l', 0, NULL, '2', 10, NULL, '2024-07-24 12:47:44', '2024-07-24 12:47:44'),
(1933, 4, 6, '9664020240724zGndDUq', 0, NULL, '2', 10, NULL, '2024-07-24 12:47:44', '2024-07-24 12:47:44'),
(1934, 4, 6, '8379202407245rcxvVp', 0, NULL, '2', 10, NULL, '2024-07-24 12:47:44', '2024-07-24 12:47:44'),
(1935, 4, 6, '2841620240724JU8CYN4', 0, NULL, '2', 10, NULL, '2024-07-24 12:47:44', '2024-07-24 12:47:44'),
(1936, 4, 6, '3388320240724Wkrex8M', 0, NULL, '2', 10, NULL, '2024-07-24 12:47:44', '2024-07-24 12:47:44'),
(1937, 4, 6, '57420240724GKRS9Cd', 0, NULL, '2', 10, NULL, '2024-07-24 12:47:44', '2024-07-24 12:47:44'),
(1938, 4, 6, '7149420240724ViF51nx', 0, NULL, '2', 10, NULL, '2024-07-24 12:47:44', '2024-07-24 12:47:44'),
(1939, 4, 6, '2215120240724TRfwhKM', 0, NULL, '2', 10, NULL, '2024-07-24 12:47:44', '2024-07-24 12:47:44'),
(1940, 4, 6, '481720240724fp4X17x', 0, NULL, '2', 10, NULL, '2024-07-24 12:47:44', '2024-07-24 12:47:44'),
(1941, 4, 6, '9847420240724YNi196K', 0, NULL, '2', 10, NULL, '2024-07-24 12:47:44', '2024-07-24 12:47:44'),
(1942, 4, 6, '914720240724wGB08dm', 0, NULL, '2', 10, NULL, '2024-07-24 12:47:44', '2024-07-24 12:47:44'),
(1943, 4, 6, '7785520240724R3pGUXD', 0, NULL, '2', 10, NULL, '2024-07-24 12:47:44', '2024-07-24 12:47:44'),
(1944, 4, 6, '3472120240724tngqW3e', 0, NULL, '2', 10, NULL, '2024-07-24 12:47:44', '2024-07-24 12:47:44'),
(1945, 4, 6, '7138420240724Tx43puJ', 0, NULL, '2', 10, NULL, '2024-07-24 12:47:44', '2024-07-24 12:47:44'),
(1946, 4, 6, '5718620240724P9JzgLZ', 0, NULL, '2', 10, NULL, '2024-07-24 12:47:44', '2024-07-24 12:47:44'),
(1947, 4, 6, '8291420240724r5wQq3C', 0, NULL, '2', 10, NULL, '2024-07-24 12:47:44', '2024-07-24 12:47:44'),
(1948, 4, 6, '2044720240724Fyv4rh8', 0, NULL, '2', 10, NULL, '2024-07-24 12:47:44', '2024-07-24 12:47:44'),
(1949, 4, 6, '4395920240724Oa1RcGb', 0, NULL, '2', 10, NULL, '2024-07-24 12:47:44', '2024-07-24 12:47:44'),
(1950, 4, 6, '7248320240724QtlhF1y', 0, NULL, '2', 10, NULL, '2024-07-24 12:47:44', '2024-07-24 12:47:44'),
(1951, 4, 6, '6042820240724gdRJi4L', 0, NULL, '2', 10, NULL, '2024-07-24 12:47:44', '2024-07-24 12:47:44'),
(1952, 4, 6, '9619620240724p5fihwq', 0, NULL, '2', 10, NULL, '2024-07-24 12:47:44', '2024-07-24 12:47:44'),
(1953, 4, 6, '2381820240724zb9qJdZ', 0, NULL, '2', 10, NULL, '2024-07-24 12:47:44', '2024-07-24 12:47:44'),
(1954, 4, 6, '8315820240724d0hpRKH', 0, NULL, '2', 10, NULL, '2024-07-24 12:47:44', '2024-07-24 12:47:44'),
(1955, 4, 6, '5003220240724TCeuzJG', 0, NULL, '2', 10, NULL, '2024-07-24 12:47:44', '2024-07-24 12:47:44'),
(1956, 4, 6, '88423202407247HrBSlY', 0, NULL, '2', 10, NULL, '2024-07-24 12:47:44', '2024-07-24 12:47:44');
INSERT INTO `voucher_generateds` (`id`, `user_id`, `campaign_managed_id`, `code`, `status`, `receipt_no`, `points`, `amount`, `phone`, `created_at`, `updated_at`) VALUES
(1957, 4, 6, '35270202407249iFa5Nf', 0, NULL, '2', 10, NULL, '2024-07-24 12:47:44', '2024-07-24 12:47:44'),
(1958, 4, 6, '3902720240724nA6Ccbo', 0, NULL, '2', 10, NULL, '2024-07-24 12:47:44', '2024-07-24 12:47:44'),
(1959, 4, 6, '42396202407241gKNfbe', 0, NULL, '2', 10, NULL, '2024-07-24 12:47:44', '2024-07-24 12:47:44'),
(1960, 4, 6, '1036320240724AeTg5oW', 0, NULL, '2', 10, NULL, '2024-07-24 12:47:44', '2024-07-24 12:47:44'),
(1961, 4, 6, '5980920240724gAjqB2a', 0, NULL, '2', 10, NULL, '2024-07-24 12:47:44', '2024-07-24 12:47:44'),
(1962, 4, 6, '380420240724on30JGY', 0, NULL, '2', 10, NULL, '2024-07-24 12:47:44', '2024-07-24 12:47:44'),
(1963, 4, 6, '2071920240724soACYke', 0, NULL, '2', 10, NULL, '2024-07-24 12:47:44', '2024-07-24 12:47:44'),
(1964, 4, 6, '24753202407240RWOae4', 0, NULL, '2', 10, NULL, '2024-07-24 12:47:44', '2024-07-24 12:47:44'),
(1965, 4, 6, '6431920240724edMUEb4', 0, NULL, '2', 10, NULL, '2024-07-24 12:47:44', '2024-07-24 12:47:44'),
(1966, 4, 6, '9524720240724AMHNG7B', 0, NULL, '2', 10, NULL, '2024-07-24 12:47:44', '2024-07-24 12:47:44'),
(1967, 4, 6, '2271920240724epY05bI', 0, NULL, '2', 10, NULL, '2024-07-24 12:47:44', '2024-07-24 12:47:44'),
(1968, 4, 6, '8773220240724uEYhSwy', 0, NULL, '2', 10, NULL, '2024-07-24 12:47:44', '2024-07-24 12:47:44'),
(1969, 4, 6, '1639820240724NMbUGDy', 0, NULL, '2', 10, NULL, '2024-07-24 12:47:44', '2024-07-24 12:47:44'),
(1970, 4, 6, '1452220240724GAhg4fn', 0, NULL, '2', 10, NULL, '2024-07-24 12:47:44', '2024-07-24 12:47:44'),
(1971, 4, 6, '4519920240724At0Egy3', 0, NULL, '2', 10, NULL, '2024-07-24 12:47:44', '2024-07-24 12:47:44'),
(1972, 4, 6, '8394020240724aMqW96x', 0, NULL, '2', 10, NULL, '2024-07-24 12:47:44', '2024-07-24 12:47:44'),
(1973, 4, 6, '956320240724z7KpH2q', 0, NULL, '2', 10, NULL, '2024-07-24 12:47:44', '2024-07-24 12:47:44'),
(1974, 4, 6, '7304420240724QWLeK7B', 0, NULL, '2', 10, NULL, '2024-07-24 12:47:44', '2024-07-24 12:47:44'),
(1975, 4, 6, '6307220240724Pza3AG0', 0, NULL, '2', 10, NULL, '2024-07-24 12:47:44', '2024-07-24 12:47:44'),
(1976, 4, 6, '7992420240724aozFr8N', 0, NULL, '2', 10, NULL, '2024-07-24 12:47:44', '2024-07-24 12:47:44'),
(1977, 4, 6, '9735202407242s0azcE', 0, NULL, '2', 10, NULL, '2024-07-24 12:47:44', '2024-07-24 12:47:44'),
(1978, 4, 6, '5264320240724vF1IKU8', 0, NULL, '2', 10, NULL, '2024-07-24 12:47:44', '2024-07-24 12:47:44'),
(1979, 4, 6, '78824202407240ewskld', 0, NULL, '2', 10, NULL, '2024-07-24 12:47:44', '2024-07-24 12:47:44'),
(1980, 4, 6, '5094420240724YwpDjFA', 0, NULL, '2', 10, NULL, '2024-07-24 12:47:44', '2024-07-24 12:47:44'),
(1981, 4, 6, '6405420240724scQP2Wu', 0, NULL, '2', 10, NULL, '2024-07-24 12:47:44', '2024-07-24 12:47:44'),
(1982, 4, 6, '4831220240724HsK945d', 0, NULL, '2', 10, NULL, '2024-07-24 12:47:44', '2024-07-24 12:47:44'),
(1983, 4, 6, '5030720240724M4CqcdF', 0, NULL, '2', 10, NULL, '2024-07-24 12:47:44', '2024-07-24 12:47:44'),
(1984, 4, 6, '248020240724tclBEDS', 0, NULL, '2', 10, NULL, '2024-07-24 12:47:44', '2024-07-24 12:47:44'),
(1985, 4, 6, '1652620240724J4RdaKG', 0, NULL, '2', 10, NULL, '2024-07-24 12:47:44', '2024-07-24 12:47:44'),
(1986, 4, 6, '120922024072438REWrq', 0, NULL, '2', 10, NULL, '2024-07-24 12:47:44', '2024-07-24 12:47:44'),
(1987, 4, 6, '7823420240724u6A01qn', 0, NULL, '2', 10, NULL, '2024-07-24 12:47:44', '2024-07-24 12:47:44'),
(1988, 4, 6, '7062820240724hLZMos5', 0, NULL, '2', 10, NULL, '2024-07-24 12:47:44', '2024-07-24 12:47:44'),
(1989, 4, 6, '4686020240724DbvRkSN', 0, NULL, '2', 10, NULL, '2024-07-24 12:47:44', '2024-07-24 12:47:44'),
(1990, 4, 6, '79696202407241nyQIqY', 0, NULL, '2', 10, NULL, '2024-07-24 12:47:44', '2024-07-24 12:47:44'),
(1991, 4, 6, '3134220240724yOhZiR4', 0, NULL, '2', 10, NULL, '2024-07-24 12:47:44', '2024-07-24 12:47:44'),
(1992, 4, 6, '2786920240724pOBVQ5j', 0, NULL, '2', 10, NULL, '2024-07-24 12:47:44', '2024-07-24 12:47:44'),
(1993, 4, 6, '3582720240724t84oNp1', 0, NULL, '2', 10, NULL, '2024-07-24 12:47:44', '2024-07-24 12:47:44'),
(1994, 4, 6, '113782024072491O08vN', 0, NULL, '2', 10, NULL, '2024-07-24 12:47:44', '2024-07-24 12:47:44'),
(1995, 4, 6, '5901320240724nt4lUD8', 0, NULL, '2', 10, NULL, '2024-07-24 12:47:44', '2024-07-24 12:47:44'),
(1996, 4, 6, '6526520240724K5Qq3dj', 0, NULL, '2', 10, NULL, '2024-07-24 12:47:44', '2024-07-24 12:47:44'),
(1997, 4, 6, '6914220240724hWmboz6', 0, NULL, '2', 10, NULL, '2024-07-24 12:47:44', '2024-07-24 12:47:44'),
(1998, 4, 6, '7780820240724jQKqztA', 0, NULL, '2', 10, NULL, '2024-07-24 12:47:44', '2024-07-24 12:47:44'),
(1999, 4, 6, '12217202407241TpFvUh', 0, NULL, '2', 10, NULL, '2024-07-24 12:47:44', '2024-07-24 12:47:44'),
(2000, 4, 6, '9760520240724tKlp6ra', 0, NULL, '2', 10, NULL, '2024-07-24 12:47:44', '2024-07-24 12:47:44'),
(2001, 4, 6, '3209920240724AN1GnEl', 0, NULL, '2', 10, NULL, '2024-07-24 12:47:44', '2024-07-24 12:47:44'),
(2002, 4, 6, '4153320240724RSJdQj4', 0, NULL, '2', 10, NULL, '2024-07-24 12:47:44', '2024-07-24 12:47:44'),
(2003, 4, 6, '2489220240724OaW7bgL', 0, NULL, '2', 10, NULL, '2024-07-24 12:47:44', '2024-07-24 12:47:44'),
(2004, 4, 6, '7193820240724KIMak8w', 0, NULL, '2', 10, NULL, '2024-07-24 12:47:44', '2024-07-24 12:47:44'),
(2005, 4, 6, '9041420240724ZX5eGpU', 0, NULL, '2', 10, NULL, '2024-07-24 12:47:44', '2024-07-24 12:47:44'),
(2006, 4, 6, '5220320240724oK7ndFG', 0, NULL, '2', 10, NULL, '2024-07-24 12:47:44', '2024-07-24 12:47:44'),
(2007, 4, 6, '3440820240724c269tIW', 0, NULL, '2', 10, NULL, '2024-07-24 12:47:44', '2024-07-24 12:47:44'),
(2008, 4, 6, '4381320240724lexsdao', 0, NULL, '2', 10, NULL, '2024-07-24 12:47:44', '2024-07-24 12:47:44'),
(2009, 4, 6, '4367520240724hie5A49', 0, NULL, '2', 10, NULL, '2024-07-24 12:47:44', '2024-07-24 12:47:44'),
(2010, 4, 6, '5994920240724cxtR4uI', 0, NULL, '2', 10, NULL, '2024-07-24 12:47:44', '2024-07-24 12:47:44'),
(2011, 4, 6, '4754020240724nxh4qdR', 0, NULL, '2', 10, NULL, '2024-07-24 12:47:44', '2024-07-24 12:47:44'),
(2012, 4, 6, '4708920240724hUSvXVn', 0, NULL, '2', 10, NULL, '2024-07-24 12:47:44', '2024-07-24 12:47:44'),
(2013, 1, 5, '3982020240726pjSZhR4', 0, NULL, '5', 600, NULL, '2024-07-26 13:41:35', '2024-07-26 13:41:35'),
(2014, 1, 5, '3275620240726OhY8PW6', 0, NULL, '5', 600, NULL, '2024-07-26 13:41:35', '2024-07-26 13:41:35'),
(2015, 1, 5, '9439320240726u7G6mTl', 0, NULL, '5', 600, NULL, '2024-07-26 13:41:35', '2024-07-26 13:41:35'),
(2016, 1, 5, '2895720240726rQ1qxel', 0, NULL, '5', 600, NULL, '2024-07-26 13:41:35', '2024-07-26 13:41:35'),
(2017, 1, 5, '4200920240726i7F5rku', 0, NULL, '5', 600, NULL, '2024-07-26 13:41:35', '2024-07-26 13:41:35'),
(2018, 1, 5, '87995202407268EYu1qQ', 0, NULL, '5', 600, NULL, '2024-07-26 13:41:35', '2024-07-26 13:41:35'),
(2019, 1, 5, '8479220240726kiTGsJw', 0, NULL, '5', 600, NULL, '2024-07-26 13:41:35', '2024-07-26 13:41:35'),
(2020, 1, 5, '2710720240726khSzrdo', 0, NULL, '5', 600, NULL, '2024-07-26 13:41:36', '2024-07-26 13:41:36'),
(2021, 1, 5, '8539620240726kzR0nvf', 0, NULL, '5', 600, NULL, '2024-07-26 13:41:36', '2024-07-26 13:41:36'),
(2022, 1, 5, '66852202407261bIXEVZ', 0, NULL, '5', 600, NULL, '2024-07-26 13:41:36', '2024-07-26 13:41:36'),
(2023, 1, 5, '6229020240726EWnU3J7', 0, NULL, '5', 600, NULL, '2024-07-26 13:41:36', '2024-07-26 13:41:36'),
(2024, 1, 5, '1852024073vJEBNw', 1, '123346', '8', 1000, NULL, '2024-07-27 08:19:52', '2024-07-27 08:19:52'),
(2025, 1, 8, 'sAeO0f6q0wdi', 1, NULL, '2', 2300, NULL, '2024-07-30 12:59:46', '2024-07-30 12:59:46'),
(2026, 1, 5, 'q7ovEd0KYZcR', 1, NULL, '25', 3000, NULL, '2024-07-30 14:13:26', '2024-07-30 14:13:26');

-- --------------------------------------------------------

--
-- Table structure for table `voucher_rewards`
--

CREATE TABLE `voucher_rewards` (
  `id` bigint(20) UNSIGNED NOT NULL,
  `code` varchar(255) DEFAULT NULL,
  `status` varchar(255) DEFAULT NULL,
  `user_id` bigint(20) DEFAULT NULL,
  `campaign_managed_id` bigint(20) DEFAULT NULL,
  `campaign_id` bigint(20) DEFAULT NULL,
  `reward_id` bigint(20) DEFAULT NULL,
  `created_at` timestamp NULL DEFAULT NULL,
  `updated_at` timestamp NULL DEFAULT NULL
) ENGINE=InnoDB DEFAULT CHARSET=utf8mb4 COLLATE=utf8mb4_unicode_ci;

-- --------------------------------------------------------

--
-- Table structure for table `voucher_reward_useds`
--

CREATE TABLE `voucher_reward_useds` (
  `id` bigint(20) UNSIGNED NOT NULL,
  `code` varchar(255) DEFAULT NULL,
  `status` varchar(255) DEFAULT NULL,
  `user_id` bigint(20) DEFAULT NULL,
  `campaign_id` bigint(20) DEFAULT NULL,
  `campaign_managed_id` bigint(20) DEFAULT NULL,
  `reward_id` bigint(20) DEFAULT NULL,
  `created_at` timestamp NULL DEFAULT NULL,
  `updated_at` timestamp NULL DEFAULT NULL
) ENGINE=InnoDB DEFAULT CHARSET=utf8mb4 COLLATE=utf8mb4_unicode_ci;

--
-- Dumping data for table `voucher_reward_useds`
--

INSERT INTO `voucher_reward_useds` (`id`, `code`, `status`, `user_id`, `campaign_id`, `campaign_managed_id`, `reward_id`, `created_at`, `updated_at`) VALUES
(1, 'JrC3sTA8In', 'Used', 4, 1, 5, 3, '2024-07-24 09:18:23', '2024-07-24 09:18:23'),
(2, 'BvsJmIlMzK', 'Used', 1, 2, 6, 4, '2024-07-30 13:15:11', '2024-07-30 13:15:11');

-- --------------------------------------------------------

--
-- Table structure for table `voucher_useds`
--

CREATE TABLE `voucher_useds` (
  `id` bigint(20) UNSIGNED NOT NULL,
  `code` varchar(255) DEFAULT NULL,
  `points` bigint(20) DEFAULT NULL,
  `voucher_generated_id` bigint(20) DEFAULT NULL,
  `campaign_managed_id` bigint(20) DEFAULT NULL,
  `created_at` timestamp NULL DEFAULT NULL,
  `updated_at` timestamp NULL DEFAULT NULL
) ENGINE=InnoDB DEFAULT CHARSET=utf8mb4 COLLATE=utf8mb4_unicode_ci;

--
-- Dumping data for table `voucher_useds`
--

INSERT INTO `voucher_useds` (`id`, `code`, `points`, `voucher_generated_id`, `campaign_managed_id`, `created_at`, `updated_at`) VALUES
(1, '62202407LXno1gW', 7, 9, 5, '2024-07-05 15:28:24', '2024-07-05 15:28:24'),
(2, '62202407LXno1gW', 7, 9, 5, '2024-07-05 15:29:04', '2024-07-05 15:29:04'),
(3, '62202407LXno1gW', 7, 9, 5, '2024-07-05 15:29:06', '2024-07-05 15:29:06'),
(4, '494202407y0weDuE', 10, 11, 5, '2024-07-08 11:44:54', '2024-07-08 11:44:54'),
(5, '43202407BtAVF2o', NULL, 3, 5, '2024-07-08 14:40:52', '2024-07-08 14:40:52'),
(6, '848202407Jc62NTK', 12, 7, 5, '2024-07-08 14:42:16', '2024-07-08 14:42:16'),
(7, '4347120240724jNFL2K5', 2, 1014, 6, '2024-07-27 08:13:46', '2024-07-27 08:13:46'),
(8, '4700020240724QKW5ZAD', 2, 1017, 6, '2024-07-27 08:17:28', '2024-07-27 08:17:28'),
(9, '89329202407244kIO1Cv', 2, 1023, 6, '2024-07-27 09:16:16', '2024-07-27 09:16:16'),
(10, '6595320240724Nz0JesK', 2, 1019, 6, '2024-07-27 10:35:00', '2024-07-27 10:35:00');

--
-- Indexes for dumped tables
--

--
-- Indexes for table `app_infos`
--
ALTER TABLE `app_infos`
  ADD PRIMARY KEY (`id`);

--
-- Indexes for table `campaigns`
--
ALTER TABLE `campaigns`
  ADD PRIMARY KEY (`id`);

--
-- Indexes for table `campaign_manageds`
--
ALTER TABLE `campaign_manageds`
  ADD PRIMARY KEY (`id`);

--
-- Indexes for table `failed_jobs`
--
ALTER TABLE `failed_jobs`
  ADD PRIMARY KEY (`id`),
  ADD UNIQUE KEY `failed_jobs_uuid_unique` (`uuid`);

--
-- Indexes for table `migrations`
--
ALTER TABLE `migrations`
  ADD PRIMARY KEY (`id`);

--
-- Indexes for table `password_reset_tokens`
--
ALTER TABLE `password_reset_tokens`
  ADD PRIMARY KEY (`email`);

--
-- Indexes for table `personal_access_tokens`
--
ALTER TABLE `personal_access_tokens`
  ADD PRIMARY KEY (`id`),
  ADD UNIQUE KEY `personal_access_tokens_token_unique` (`token`),
  ADD KEY `personal_access_tokens_tokenable_type_tokenable_id_index` (`tokenable_type`,`tokenable_id`);

--
-- Indexes for table `prices`
--
ALTER TABLE `prices`
  ADD PRIMARY KEY (`id`);

--
-- Indexes for table `rewards`
--
ALTER TABLE `rewards`
  ADD PRIMARY KEY (`id`);

--
-- Indexes for table `roles`
--
ALTER TABLE `roles`
  ADD PRIMARY KEY (`id`);

--
-- Indexes for table `users`
--
ALTER TABLE `users`
  ADD PRIMARY KEY (`id`),
  ADD UNIQUE KEY `users_email_unique` (`email`);

--
-- Indexes for table `voucher_generateds`
--
ALTER TABLE `voucher_generateds`
  ADD PRIMARY KEY (`id`),
  ADD UNIQUE KEY `code` (`code`);

--
-- Indexes for table `voucher_rewards`
--
ALTER TABLE `voucher_rewards`
  ADD PRIMARY KEY (`id`);

--
-- Indexes for table `voucher_reward_useds`
--
ALTER TABLE `voucher_reward_useds`
  ADD PRIMARY KEY (`id`);

--
-- Indexes for table `voucher_useds`
--
ALTER TABLE `voucher_useds`
  ADD PRIMARY KEY (`id`);

--
-- AUTO_INCREMENT for dumped tables
--

--
-- AUTO_INCREMENT for table `app_infos`
--
ALTER TABLE `app_infos`
  MODIFY `id` bigint(20) UNSIGNED NOT NULL AUTO_INCREMENT, AUTO_INCREMENT=2;

--
-- AUTO_INCREMENT for table `campaigns`
--
ALTER TABLE `campaigns`
  MODIFY `id` bigint(20) UNSIGNED NOT NULL AUTO_INCREMENT, AUTO_INCREMENT=3;

--
-- AUTO_INCREMENT for table `campaign_manageds`
--
ALTER TABLE `campaign_manageds`
  MODIFY `id` bigint(20) UNSIGNED NOT NULL AUTO_INCREMENT, AUTO_INCREMENT=9;

--
-- AUTO_INCREMENT for table `failed_jobs`
--
ALTER TABLE `failed_jobs`
  MODIFY `id` bigint(20) UNSIGNED NOT NULL AUTO_INCREMENT;

--
-- AUTO_INCREMENT for table `migrations`
--
ALTER TABLE `migrations`
  MODIFY `id` int(10) UNSIGNED NOT NULL AUTO_INCREMENT, AUTO_INCREMENT=37;

--
-- AUTO_INCREMENT for table `personal_access_tokens`
--
ALTER TABLE `personal_access_tokens`
  MODIFY `id` bigint(20) UNSIGNED NOT NULL AUTO_INCREMENT, AUTO_INCREMENT=10;

--
-- AUTO_INCREMENT for table `prices`
--
ALTER TABLE `prices`
  MODIFY `id` bigint(20) UNSIGNED NOT NULL AUTO_INCREMENT, AUTO_INCREMENT=4;

--
-- AUTO_INCREMENT for table `rewards`
--
ALTER TABLE `rewards`
  MODIFY `id` bigint(20) UNSIGNED NOT NULL AUTO_INCREMENT, AUTO_INCREMENT=7;

--
-- AUTO_INCREMENT for table `roles`
--
ALTER TABLE `roles`
  MODIFY `id` bigint(20) UNSIGNED NOT NULL AUTO_INCREMENT, AUTO_INCREMENT=5;

--
-- AUTO_INCREMENT for table `users`
--
ALTER TABLE `users`
  MODIFY `id` bigint(20) UNSIGNED NOT NULL AUTO_INCREMENT, AUTO_INCREMENT=5;

--
-- AUTO_INCREMENT for table `voucher_generateds`
--
ALTER TABLE `voucher_generateds`
  MODIFY `id` bigint(20) UNSIGNED NOT NULL AUTO_INCREMENT, AUTO_INCREMENT=2027;

--
-- AUTO_INCREMENT for table `voucher_rewards`
--
ALTER TABLE `voucher_rewards`
  MODIFY `id` bigint(20) UNSIGNED NOT NULL AUTO_INCREMENT, AUTO_INCREMENT=3;

--
-- AUTO_INCREMENT for table `voucher_reward_useds`
--
ALTER TABLE `voucher_reward_useds`
  MODIFY `id` bigint(20) UNSIGNED NOT NULL AUTO_INCREMENT, AUTO_INCREMENT=3;

--
-- AUTO_INCREMENT for table `voucher_useds`
--
ALTER TABLE `voucher_useds`
  MODIFY `id` bigint(20) UNSIGNED NOT NULL AUTO_INCREMENT, AUTO_INCREMENT=11;
COMMIT;

/*!40101 SET CHARACTER_SET_CLIENT=@OLD_CHARACTER_SET_CLIENT */;
/*!40101 SET CHARACTER_SET_RESULTS=@OLD_CHARACTER_SET_RESULTS */;
/*!40101 SET COLLATION_CONNECTION=@OLD_COLLATION_CONNECTION */;
